phrase,search_volume_month,ks_week_2026-08-30,ks_week_2026-09-06,ks_week_2026-09-13_last_complete,ks_week_2026-09-20_incomplete,passes_SV500_and_KS100
airpod pro case,34020,878,391,837,76,yes
airpods 4 case,86564,1496,824,1196,253,yes
airpods pro 2 case,28847,,825,443,63,yes
airpods pro 2nd generation case,2859,,95,78,6,no
airpods pro 2 case cover,2210,,67,75,5,no
airpods pro 1st generation case,663,,34,21,2,no
case airpods pro 2,1766,,33,34,4,no
airpods pro case cover,3177,,68,83,7,no
airpods 2 pro case,1246,,29,26,3,no
air podspro2 case,1246,,33,37,3,no
airpods pro case with keychain,350,,,,,no complete-week data
airpods case keychain,540,,5,3,1,no
airpods 5 case,128552,,345,1650,93,yes
airpod 5 case,52972,,164,1262,42,yes
airpods 5 case cover,16172,,,,2,no complete-week data
case for airpods 5,4739,,,,3,no complete-week data
airpods 5th generation case,559,,,,,no complete-week data
airpods 5 case keychain,467,,,,,no complete-week data
airpods 4 case with keychain,250,,,,,no complete-week data
airpods 4th generation case,663,,30,16,2,no
