sku,severity,issue
406516U-002Ru001q212,HARD_BLOCKER,REQUIRED_ATTRIBUTE_MISSING: dangerous_goods_regulations
406516U-002Ru001q212,HARD_BLOCKER,REQUIRED_ATTRIBUTE_MISSING: quantity
406516U-002Ru001q212,HARD_BLOCKER,REQUIRED_ATTRIBUTE_MISSING: shipping_template
406516U-002Ru001q212,HARD_BLOCKER,REQUIRED_ATTRIBUTE_MISSING: standard_price_or_sale_price
406516U-002Ru001q212,WARNING,CONDITIONAL_ATTRIBUTE_NOT_DETERMINED: coverage
406516U-002Ru001q212,WARNING,CONDITIONAL_ATTRIBUTE_NOT_DETERMINED: style
406516U-002Ru001q212,WARNING,PARENT_SKU_PROPOSED: 406516U-PARENT (confirm)
406516U-002Ru001q213,HARD_BLOCKER,REQUIRED_ATTRIBUTE_MISSING: dangerous_goods_regulations
406516U-002Ru001q213,HARD_BLOCKER,REQUIRED_ATTRIBUTE_MISSING: quantity
406516U-002Ru001q213,HARD_BLOCKER,REQUIRED_ATTRIBUTE_MISSING: shipping_template
406516U-002Ru001q213,HARD_BLOCKER,REQUIRED_ATTRIBUTE_MISSING: standard_price_or_sale_price
406516U-002Ru001q213,WARNING,CONDITIONAL_ATTRIBUTE_NOT_DETERMINED: coverage
406516U-002Ru001q213,WARNING,CONDITIONAL_ATTRIBUTE_NOT_DETERMINED: style
406516U-002Ru001q213,WARNING,PARENT_SKU_PROPOSED: 406516U-PARENT (confirm)
406516U-002Ru001q213,WARNING,"IMAGE_SKU_MATCH_MEDIUM: thumbnail viewed, not itemized"
406516U-002Ru001q214,HARD_BLOCKER,REQUIRED_ATTRIBUTE_MISSING: dangerous_goods_regulations
406516U-002Ru001q214,HARD_BLOCKER,REQUIRED_ATTRIBUTE_MISSING: quantity
406516U-002Ru001q214,HARD_BLOCKER,REQUIRED_ATTRIBUTE_MISSING: shipping_template
406516U-002Ru001q214,HARD_BLOCKER,REQUIRED_ATTRIBUTE_MISSING: standard_price_or_sale_price
406516U-002Ru001q214,WARNING,CONDITIONAL_ATTRIBUTE_NOT_DETERMINED: coverage
406516U-002Ru001q214,WARNING,CONDITIONAL_ATTRIBUTE_NOT_DETERMINED: style
406516U-002Ru001q214,WARNING,PARENT_SKU_PROPOSED: 406516U-PARENT (confirm)
406516U-002Ru001q214,WARNING,"IMAGE_SKU_MATCH_MEDIUM: thumbnail viewed, not itemized"
406516U-002Ru001q215,HARD_BLOCKER,REQUIRED_ATTRIBUTE_MISSING: dangerous_goods_regulations
406516U-002Ru001q215,HARD_BLOCKER,REQUIRED_ATTRIBUTE_MISSING: quantity
406516U-002Ru001q215,HARD_BLOCKER,REQUIRED_ATTRIBUTE_MISSING: shipping_template
406516U-002Ru001q215,HARD_BLOCKER,REQUIRED_ATTRIBUTE_MISSING: standard_price_or_sale_price
406516U-002Ru001q215,WARNING,CONDITIONAL_ATTRIBUTE_NOT_DETERMINED: coverage
406516U-002Ru001q215,WARNING,CONDITIONAL_ATTRIBUTE_NOT_DETERMINED: style
406516U-002Ru001q215,WARNING,PARENT_SKU_PROPOSED: 406516U-PARENT (confirm)
406516U-002Ru001q215,WARNING,"IMAGE_SKU_MATCH_MEDIUM: thumbnail viewed, not itemized"
406516U-002Ru001q216,HARD_BLOCKER,REQUIRED_ATTRIBUTE_MISSING: dangerous_goods_regulations
406516U-002Ru001q216,HARD_BLOCKER,REQUIRED_ATTRIBUTE_MISSING: quantity
406516U-002Ru001q216,HARD_BLOCKER,REQUIRED_ATTRIBUTE_MISSING: shipping_template
406516U-002Ru001q216,HARD_BLOCKER,REQUIRED_ATTRIBUTE_MISSING: standard_price_or_sale_price
406516U-002Ru001q216,WARNING,CONDITIONAL_ATTRIBUTE_NOT_DETERMINED: coverage
406516U-002Ru001q216,WARNING,CONDITIONAL_ATTRIBUTE_NOT_DETERMINED: style
406516U-002Ru001q216,WARNING,CONDITIONAL_ATTRIBUTE_NOT_DETERMINED: theme
406516U-002Ru001q216,WARNING,THEME_REVIEW: no clear valid value for this print
406516U-002Ru001q216,WARNING,PARENT_SKU_PROPOSED: 406516U-PARENT (confirm)
406516U-002Ru001q216,WARNING,"IMAGE_SKU_MATCH_MEDIUM: thumbnail viewed, not itemized"
406516U-002Ru001q217,HARD_BLOCKER,REQUIRED_ATTRIBUTE_MISSING: dangerous_goods_regulations
406516U-002Ru001q217,HARD_BLOCKER,REQUIRED_ATTRIBUTE_MISSING: quantity
406516U-002Ru001q217,HARD_BLOCKER,REQUIRED_ATTRIBUTE_MISSING: shipping_template
406516U-002Ru001q217,HARD_BLOCKER,REQUIRED_ATTRIBUTE_MISSING: standard_price_or_sale_price
406516U-002Ru001q217,WARNING,CONDITIONAL_ATTRIBUTE_NOT_DETERMINED: coverage
406516U-002Ru001q217,WARNING,CONDITIONAL_ATTRIBUTE_NOT_DETERMINED: style
406516U-002Ru001q217,WARNING,PARENT_SKU_PROPOSED: 406516U-PARENT (confirm)
406516U-002Ru001q217,WARNING,"IMAGE_SKU_MATCH_MEDIUM: thumbnail viewed, not itemized"
406516U-002Ru001q218,HARD_BLOCKER,REQUIRED_ATTRIBUTE_MISSING: dangerous_goods_regulations
406516U-002Ru001q218,HARD_BLOCKER,REQUIRED_ATTRIBUTE_MISSING: quantity
406516U-002Ru001q218,HARD_BLOCKER,REQUIRED_ATTRIBUTE_MISSING: shipping_template
406516U-002Ru001q218,HARD_BLOCKER,REQUIRED_ATTRIBUTE_MISSING: standard_price_or_sale_price
406516U-002Ru001q218,WARNING,CONDITIONAL_ATTRIBUTE_NOT_DETERMINED: coverage
406516U-002Ru001q218,WARNING,CONDITIONAL_ATTRIBUTE_NOT_DETERMINED: style
406516U-002Ru001q218,WARNING,PARENT_SKU_PROPOSED: 406516U-PARENT (confirm)
406516U-002Ru001q219,HARD_BLOCKER,REQUIRED_ATTRIBUTE_MISSING: dangerous_goods_regulations
406516U-002Ru001q219,HARD_BLOCKER,REQUIRED_ATTRIBUTE_MISSING: quantity
406516U-002Ru001q219,HARD_BLOCKER,REQUIRED_ATTRIBUTE_MISSING: shipping_template
406516U-002Ru001q219,HARD_BLOCKER,REQUIRED_ATTRIBUTE_MISSING: standard_price_or_sale_price
406516U-002Ru001q219,WARNING,CONDITIONAL_ATTRIBUTE_NOT_DETERMINED: coverage
406516U-002Ru001q219,WARNING,CONDITIONAL_ATTRIBUTE_NOT_DETERMINED: style
406516U-002Ru001q219,WARNING,PARENT_SKU_PROPOSED: 406516U-PARENT (confirm)
406516U-002Ru001q219,WARNING,"IMAGE_SKU_MATCH_MEDIUM: thumbnail viewed, not itemized"
406516U-002Ru001q220,HARD_BLOCKER,REQUIRED_ATTRIBUTE_MISSING: dangerous_goods_regulations
406516U-002Ru001q220,HARD_BLOCKER,REQUIRED_ATTRIBUTE_MISSING: quantity
406516U-002Ru001q220,HARD_BLOCKER,REQUIRED_ATTRIBUTE_MISSING: shipping_template
406516U-002Ru001q220,HARD_BLOCKER,REQUIRED_ATTRIBUTE_MISSING: standard_price_or_sale_price
406516U-002Ru001q220,WARNING,CONDITIONAL_ATTRIBUTE_NOT_DETERMINED: coverage
406516U-002Ru001q220,WARNING,CONDITIONAL_ATTRIBUTE_NOT_DETERMINED: style
406516U-002Ru001q220,WARNING,PARENT_SKU_PROPOSED: 406516U-PARENT (confirm)
406516U-002Ru001q220,WARNING,"IMAGE_SKU_MATCH_MEDIUM: thumbnail viewed, not itemized"
406516U-002Ru001q221,HARD_BLOCKER,REQUIRED_ATTRIBUTE_MISSING: dangerous_goods_regulations
406516U-002Ru001q221,HARD_BLOCKER,REQUIRED_ATTRIBUTE_MISSING: quantity
406516U-002Ru001q221,HARD_BLOCKER,REQUIRED_ATTRIBUTE_MISSING: shipping_template
406516U-002Ru001q221,HARD_BLOCKER,REQUIRED_ATTRIBUTE_MISSING: standard_price_or_sale_price
406516U-002Ru001q221,WARNING,CONDITIONAL_ATTRIBUTE_NOT_DETERMINED: coverage
406516U-002Ru001q221,WARNING,CONDITIONAL_ATTRIBUTE_NOT_DETERMINED: style
406516U-002Ru001q221,WARNING,PARENT_SKU_PROPOSED: 406516U-PARENT (confirm)
406516U-002Ru001q221,WARNING,"IMAGE_SKU_MATCH_MEDIUM: thumbnail viewed, not itemized"
406516U-002Ru001q222,HARD_BLOCKER,REQUIRED_ATTRIBUTE_MISSING: dangerous_goods_regulations
406516U-002Ru001q222,HARD_BLOCKER,REQUIRED_ATTRIBUTE_MISSING: quantity
406516U-002Ru001q222,HARD_BLOCKER,REQUIRED_ATTRIBUTE_MISSING: shipping_template
406516U-002Ru001q222,HARD_BLOCKER,REQUIRED_ATTRIBUTE_MISSING: standard_price_or_sale_price
406516U-002Ru001q222,WARNING,CONDITIONAL_ATTRIBUTE_NOT_DETERMINED: coverage
406516U-002Ru001q222,WARNING,CONDITIONAL_ATTRIBUTE_NOT_DETERMINED: style
406516U-002Ru001q222,WARNING,PARENT_SKU_PROPOSED: 406516U-PARENT (confirm)
406516U-002Ru001q223,HARD_BLOCKER,REQUIRED_ATTRIBUTE_MISSING: dangerous_goods_regulations
406516U-002Ru001q223,HARD_BLOCKER,REQUIRED_ATTRIBUTE_MISSING: quantity
406516U-002Ru001q223,HARD_BLOCKER,REQUIRED_ATTRIBUTE_MISSING: shipping_template
406516U-002Ru001q223,HARD_BLOCKER,REQUIRED_ATTRIBUTE_MISSING: standard_price_or_sale_price
406516U-002Ru001q223,WARNING,CONDITIONAL_ATTRIBUTE_NOT_DETERMINED: coverage
406516U-002Ru001q223,WARNING,CONDITIONAL_ATTRIBUTE_NOT_DETERMINED: style
406516U-002Ru001q223,WARNING,PARENT_SKU_PROPOSED: 406516U-PARENT (confirm)
406516U-002Ru001q223,WARNING,"IMAGE_SKU_MATCH_MEDIUM: thumbnail viewed, not itemized"
406516U-002Ru001q224,HARD_BLOCKER,REQUIRED_ATTRIBUTE_MISSING: dangerous_goods_regulations
406516U-002Ru001q224,HARD_BLOCKER,REQUIRED_ATTRIBUTE_MISSING: quantity
406516U-002Ru001q224,HARD_BLOCKER,REQUIRED_ATTRIBUTE_MISSING: shipping_template
406516U-002Ru001q224,HARD_BLOCKER,REQUIRED_ATTRIBUTE_MISSING: standard_price_or_sale_price
406516U-002Ru001q224,WARNING,CONDITIONAL_ATTRIBUTE_NOT_DETERMINED: coverage
406516U-002Ru001q224,WARNING,CONDITIONAL_ATTRIBUTE_NOT_DETERMINED: style
406516U-002Ru001q224,WARNING,PARENT_SKU_PROPOSED: 406516U-PARENT (confirm)
406516U-002Ru001q224,WARNING,"IMAGE_SKU_MATCH_MEDIUM: thumbnail viewed, not itemized"
406516U-002Ru001q225,HARD_BLOCKER,REQUIRED_ATTRIBUTE_MISSING: dangerous_goods_regulations
406516U-002Ru001q225,HARD_BLOCKER,REQUIRED_ATTRIBUTE_MISSING: quantity
406516U-002Ru001q225,HARD_BLOCKER,REQUIRED_ATTRIBUTE_MISSING: shipping_template
406516U-002Ru001q225,HARD_BLOCKER,REQUIRED_ATTRIBUTE_MISSING: standard_price_or_sale_price
406516U-002Ru001q225,WARNING,CONDITIONAL_ATTRIBUTE_NOT_DETERMINED: coverage
406516U-002Ru001q225,WARNING,CONDITIONAL_ATTRIBUTE_NOT_DETERMINED: style
406516U-002Ru001q225,WARNING,PARENT_SKU_PROPOSED: 406516U-PARENT (confirm)
406516U-002Ru001q225,WARNING,"IMAGE_SKU_MATCH_MEDIUM: thumbnail viewed, not itemized"
406516U-002Ru001q226,HARD_BLOCKER,REQUIRED_ATTRIBUTE_MISSING: dangerous_goods_regulations
406516U-002Ru001q226,HARD_BLOCKER,REQUIRED_ATTRIBUTE_MISSING: quantity
406516U-002Ru001q226,HARD_BLOCKER,REQUIRED_ATTRIBUTE_MISSING: shipping_template
406516U-002Ru001q226,HARD_BLOCKER,REQUIRED_ATTRIBUTE_MISSING: standard_price_or_sale_price
406516U-002Ru001q226,WARNING,CONDITIONAL_ATTRIBUTE_NOT_DETERMINED: coverage
406516U-002Ru001q226,WARNING,CONDITIONAL_ATTRIBUTE_NOT_DETERMINED: style
406516U-002Ru001q226,WARNING,PARENT_SKU_PROPOSED: 406516U-PARENT (confirm)
406516U-002Ru001q226,WARNING,"IMAGE_SKU_MATCH_MEDIUM: thumbnail viewed, not itemized"
406516U-002Ru001q227,HARD_BLOCKER,REQUIRED_ATTRIBUTE_MISSING: dangerous_goods_regulations
406516U-002Ru001q227,HARD_BLOCKER,REQUIRED_ATTRIBUTE_MISSING: quantity
406516U-002Ru001q227,HARD_BLOCKER,REQUIRED_ATTRIBUTE_MISSING: shipping_template
406516U-002Ru001q227,HARD_BLOCKER,REQUIRED_ATTRIBUTE_MISSING: standard_price_or_sale_price
406516U-002Ru001q227,WARNING,CONDITIONAL_ATTRIBUTE_NOT_DETERMINED: coverage
406516U-002Ru001q227,WARNING,CONDITIONAL_ATTRIBUTE_NOT_DETERMINED: style
406516U-002Ru001q227,WARNING,PARENT_SKU_PROPOSED: 406516U-PARENT (confirm)
406516U-002Ru001q227,WARNING,"IMAGE_SKU_MATCH_MEDIUM: thumbnail viewed, not itemized"
406516U-002Ru001q228,HARD_BLOCKER,REQUIRED_ATTRIBUTE_MISSING: dangerous_goods_regulations
406516U-002Ru001q228,HARD_BLOCKER,REQUIRED_ATTRIBUTE_MISSING: quantity
406516U-002Ru001q228,HARD_BLOCKER,REQUIRED_ATTRIBUTE_MISSING: shipping_template
406516U-002Ru001q228,HARD_BLOCKER,REQUIRED_ATTRIBUTE_MISSING: standard_price_or_sale_price
406516U-002Ru001q228,WARNING,CONDITIONAL_ATTRIBUTE_NOT_DETERMINED: coverage
406516U-002Ru001q228,WARNING,CONDITIONAL_ATTRIBUTE_NOT_DETERMINED: style
406516U-002Ru001q228,WARNING,PARENT_SKU_PROPOSED: 406516U-PARENT (confirm)
406516U-002Ru001q228,WARNING,"IMAGE_SKU_MATCH_MEDIUM: thumbnail viewed, not itemized"
406516U-002Ru001q229,HARD_BLOCKER,REQUIRED_ATTRIBUTE_MISSING: dangerous_goods_regulations
406516U-002Ru001q229,HARD_BLOCKER,REQUIRED_ATTRIBUTE_MISSING: quantity
406516U-002Ru001q229,HARD_BLOCKER,REQUIRED_ATTRIBUTE_MISSING: shipping_template
406516U-002Ru001q229,HARD_BLOCKER,REQUIRED_ATTRIBUTE_MISSING: standard_price_or_sale_price
406516U-002Ru001q229,WARNING,CONDITIONAL_ATTRIBUTE_NOT_DETERMINED: coverage
406516U-002Ru001q229,WARNING,CONDITIONAL_ATTRIBUTE_NOT_DETERMINED: style
406516U-002Ru001q229,WARNING,PARENT_SKU_PROPOSED: 406516U-PARENT (confirm)
406516U-002Ru001q229,WARNING,"IMAGE_SKU_MATCH_MEDIUM: thumbnail viewed, not itemized"
406516U-002Ru001q230,HARD_BLOCKER,REQUIRED_ATTRIBUTE_MISSING: dangerous_goods_regulations
406516U-002Ru001q230,HARD_BLOCKER,REQUIRED_ATTRIBUTE_MISSING: quantity
406516U-002Ru001q230,HARD_BLOCKER,REQUIRED_ATTRIBUTE_MISSING: shipping_template
406516U-002Ru001q230,HARD_BLOCKER,REQUIRED_ATTRIBUTE_MISSING: standard_price_or_sale_price
406516U-002Ru001q230,WARNING,CONDITIONAL_ATTRIBUTE_NOT_DETERMINED: coverage
406516U-002Ru001q230,WARNING,CONDITIONAL_ATTRIBUTE_NOT_DETERMINED: style
406516U-002Ru001q230,WARNING,PARENT_SKU_PROPOSED: 406516U-PARENT (confirm)
406516U-002Ru001q230,WARNING,POLICY_RISK_REVIEW: print resembles a known character; rights decision with the user
406516U-002Ru001q231,HARD_BLOCKER,REQUIRED_ATTRIBUTE_MISSING: dangerous_goods_regulations
406516U-002Ru001q231,HARD_BLOCKER,REQUIRED_ATTRIBUTE_MISSING: quantity
406516U-002Ru001q231,HARD_BLOCKER,REQUIRED_ATTRIBUTE_MISSING: shipping_template
406516U-002Ru001q231,HARD_BLOCKER,REQUIRED_ATTRIBUTE_MISSING: standard_price_or_sale_price
406516U-002Ru001q231,WARNING,CONDITIONAL_ATTRIBUTE_NOT_DETERMINED: coverage
406516U-002Ru001q231,WARNING,CONDITIONAL_ATTRIBUTE_NOT_DETERMINED: style
406516U-002Ru001q231,WARNING,PARENT_SKU_PROPOSED: 406516U-PARENT (confirm)
406516U-002Ru001q231,WARNING,"IMAGE_SKU_MATCH_MEDIUM: thumbnail viewed, not itemized"
406516U-002Ru001q232,HARD_BLOCKER,REQUIRED_ATTRIBUTE_MISSING: dangerous_goods_regulations
406516U-002Ru001q232,HARD_BLOCKER,REQUIRED_ATTRIBUTE_MISSING: quantity
406516U-002Ru001q232,HARD_BLOCKER,REQUIRED_ATTRIBUTE_MISSING: shipping_template
406516U-002Ru001q232,HARD_BLOCKER,REQUIRED_ATTRIBUTE_MISSING: standard_price_or_sale_price
406516U-002Ru001q232,WARNING,CONDITIONAL_ATTRIBUTE_NOT_DETERMINED: coverage
406516U-002Ru001q232,WARNING,CONDITIONAL_ATTRIBUTE_NOT_DETERMINED: style
406516U-002Ru001q232,WARNING,PARENT_SKU_PROPOSED: 406516U-PARENT (confirm)
406516U-002Ru001q232,WARNING,"IMAGE_SKU_MATCH_MEDIUM: thumbnail viewed, not itemized"
406516U-002Ru001q233,HARD_BLOCKER,REQUIRED_ATTRIBUTE_MISSING: dangerous_goods_regulations
406516U-002Ru001q233,HARD_BLOCKER,REQUIRED_ATTRIBUTE_MISSING: quantity
406516U-002Ru001q233,HARD_BLOCKER,REQUIRED_ATTRIBUTE_MISSING: shipping_template
406516U-002Ru001q233,HARD_BLOCKER,REQUIRED_ATTRIBUTE_MISSING: standard_price_or_sale_price
406516U-002Ru001q233,WARNING,CONDITIONAL_ATTRIBUTE_NOT_DETERMINED: coverage
406516U-002Ru001q233,WARNING,CONDITIONAL_ATTRIBUTE_NOT_DETERMINED: style
406516U-002Ru001q233,WARNING,PARENT_SKU_PROPOSED: 406516U-PARENT (confirm)
406516U-002Ru001q233,WARNING,"IMAGE_SKU_MATCH_MEDIUM: thumbnail viewed, not itemized"
406516U-002Ru001q234,HARD_BLOCKER,REQUIRED_ATTRIBUTE_MISSING: dangerous_goods_regulations
406516U-002Ru001q234,HARD_BLOCKER,REQUIRED_ATTRIBUTE_MISSING: quantity
406516U-002Ru001q234,HARD_BLOCKER,REQUIRED_ATTRIBUTE_MISSING: shipping_template
406516U-002Ru001q234,HARD_BLOCKER,REQUIRED_ATTRIBUTE_MISSING: standard_price_or_sale_price
406516U-002Ru001q234,WARNING,CONDITIONAL_ATTRIBUTE_NOT_DETERMINED: coverage
406516U-002Ru001q234,WARNING,CONDITIONAL_ATTRIBUTE_NOT_DETERMINED: style
406516U-002Ru001q234,WARNING,PARENT_SKU_PROPOSED: 406516U-PARENT (confirm)
406516U-002Ru001q234,WARNING,"IMAGE_SKU_MATCH_MEDIUM: thumbnail viewed, not itemized"
406516U-002Ru001q235,HARD_BLOCKER,REQUIRED_ATTRIBUTE_MISSING: dangerous_goods_regulations
406516U-002Ru001q235,HARD_BLOCKER,REQUIRED_ATTRIBUTE_MISSING: quantity
406516U-002Ru001q235,HARD_BLOCKER,REQUIRED_ATTRIBUTE_MISSING: shipping_template
406516U-002Ru001q235,HARD_BLOCKER,REQUIRED_ATTRIBUTE_MISSING: standard_price_or_sale_price
406516U-002Ru001q235,WARNING,CONDITIONAL_ATTRIBUTE_NOT_DETERMINED: coverage
406516U-002Ru001q235,WARNING,CONDITIONAL_ATTRIBUTE_NOT_DETERMINED: style
406516U-002Ru001q235,WARNING,CONDITIONAL_ATTRIBUTE_NOT_DETERMINED: theme
406516U-002Ru001q235,WARNING,THEME_REVIEW: no clear valid value for this print
406516U-002Ru001q235,WARNING,PARENT_SKU_PROPOSED: 406516U-PARENT (confirm)
406516U-002Ru001q235,WARNING,"IMAGE_SKU_MATCH_MEDIUM: thumbnail viewed, not itemized"
406516U-002Ru001q236,HARD_BLOCKER,REQUIRED_ATTRIBUTE_MISSING: dangerous_goods_regulations
406516U-002Ru001q236,HARD_BLOCKER,REQUIRED_ATTRIBUTE_MISSING: quantity
406516U-002Ru001q236,HARD_BLOCKER,REQUIRED_ATTRIBUTE_MISSING: shipping_template
406516U-002Ru001q236,HARD_BLOCKER,REQUIRED_ATTRIBUTE_MISSING: standard_price_or_sale_price
406516U-002Ru001q236,WARNING,CONDITIONAL_ATTRIBUTE_NOT_DETERMINED: coverage
406516U-002Ru001q236,WARNING,CONDITIONAL_ATTRIBUTE_NOT_DETERMINED: style
406516U-002Ru001q236,WARNING,PARENT_SKU_PROPOSED: 406516U-PARENT (confirm)
406516U-002Ru001q236,WARNING,"IMAGE_SKU_MATCH_MEDIUM: thumbnail viewed, not itemized"
406516U-002Ru001q237,HARD_BLOCKER,REQUIRED_ATTRIBUTE_MISSING: dangerous_goods_regulations
406516U-002Ru001q237,HARD_BLOCKER,REQUIRED_ATTRIBUTE_MISSING: quantity
406516U-002Ru001q237,HARD_BLOCKER,REQUIRED_ATTRIBUTE_MISSING: shipping_template
406516U-002Ru001q237,HARD_BLOCKER,REQUIRED_ATTRIBUTE_MISSING: standard_price_or_sale_price
406516U-002Ru001q237,WARNING,CONDITIONAL_ATTRIBUTE_NOT_DETERMINED: coverage
406516U-002Ru001q237,WARNING,CONDITIONAL_ATTRIBUTE_NOT_DETERMINED: style
406516U-002Ru001q237,WARNING,PARENT_SKU_PROPOSED: 406516U-PARENT (confirm)
406516U-002Ru001q237,WARNING,"IMAGE_SKU_MATCH_MEDIUM: thumbnail viewed, not itemized"
406516U-002Ru001q238,HARD_BLOCKER,REQUIRED_ATTRIBUTE_MISSING: dangerous_goods_regulations
406516U-002Ru001q238,HARD_BLOCKER,REQUIRED_ATTRIBUTE_MISSING: quantity
406516U-002Ru001q238,HARD_BLOCKER,REQUIRED_ATTRIBUTE_MISSING: shipping_template
406516U-002Ru001q238,HARD_BLOCKER,REQUIRED_ATTRIBUTE_MISSING: standard_price_or_sale_price
406516U-002Ru001q238,WARNING,CONDITIONAL_ATTRIBUTE_NOT_DETERMINED: coverage
406516U-002Ru001q238,WARNING,CONDITIONAL_ATTRIBUTE_NOT_DETERMINED: style
406516U-002Ru001q238,WARNING,PARENT_SKU_PROPOSED: 406516U-PARENT (confirm)
406516U-002Ru001q238,WARNING,"IMAGE_SKU_MATCH_MEDIUM: thumbnail viewed, not itemized"
406516U-002Ru001q239,HARD_BLOCKER,REQUIRED_ATTRIBUTE_MISSING: dangerous_goods_regulations
406516U-002Ru001q239,HARD_BLOCKER,REQUIRED_ATTRIBUTE_MISSING: quantity
406516U-002Ru001q239,HARD_BLOCKER,REQUIRED_ATTRIBUTE_MISSING: shipping_template
406516U-002Ru001q239,HARD_BLOCKER,REQUIRED_ATTRIBUTE_MISSING: standard_price_or_sale_price
406516U-002Ru001q239,WARNING,CONDITIONAL_ATTRIBUTE_NOT_DETERMINED: coverage
406516U-002Ru001q239,WARNING,CONDITIONAL_ATTRIBUTE_NOT_DETERMINED: style
406516U-002Ru001q239,WARNING,PARENT_SKU_PROPOSED: 406516U-PARENT (confirm)
406516U-002Ru001q240,HARD_BLOCKER,REQUIRED_ATTRIBUTE_MISSING: dangerous_goods_regulations
406516U-002Ru001q240,HARD_BLOCKER,REQUIRED_ATTRIBUTE_MISSING: quantity
406516U-002Ru001q240,HARD_BLOCKER,REQUIRED_ATTRIBUTE_MISSING: shipping_template
406516U-002Ru001q240,HARD_BLOCKER,REQUIRED_ATTRIBUTE_MISSING: standard_price_or_sale_price
406516U-002Ru001q240,WARNING,CONDITIONAL_ATTRIBUTE_NOT_DETERMINED: coverage
406516U-002Ru001q240,WARNING,CONDITIONAL_ATTRIBUTE_NOT_DETERMINED: style
406516U-002Ru001q240,WARNING,PARENT_SKU_PROPOSED: 406516U-PARENT (confirm)
406516U-002Ru001q240,WARNING,"IMAGE_SKU_MATCH_MEDIUM: thumbnail viewed, not itemized"
406516U-002Ru001q241,HARD_BLOCKER,REQUIRED_ATTRIBUTE_MISSING: dangerous_goods_regulations
406516U-002Ru001q241,HARD_BLOCKER,REQUIRED_ATTRIBUTE_MISSING: quantity
406516U-002Ru001q241,HARD_BLOCKER,REQUIRED_ATTRIBUTE_MISSING: shipping_template
406516U-002Ru001q241,HARD_BLOCKER,REQUIRED_ATTRIBUTE_MISSING: standard_price_or_sale_price
406516U-002Ru001q241,WARNING,CONDITIONAL_ATTRIBUTE_NOT_DETERMINED: coverage
406516U-002Ru001q241,WARNING,CONDITIONAL_ATTRIBUTE_NOT_DETERMINED: style
406516U-002Ru001q241,WARNING,PARENT_SKU_PROPOSED: 406516U-PARENT (confirm)
406516U-002Ru001q241,WARNING,"IMAGE_SKU_MATCH_MEDIUM: thumbnail viewed, not itemized"
406516U-002Ru001q242,HARD_BLOCKER,REQUIRED_ATTRIBUTE_MISSING: dangerous_goods_regulations
406516U-002Ru001q242,HARD_BLOCKER,REQUIRED_ATTRIBUTE_MISSING: quantity
406516U-002Ru001q242,HARD_BLOCKER,REQUIRED_ATTRIBUTE_MISSING: shipping_template
406516U-002Ru001q242,HARD_BLOCKER,REQUIRED_ATTRIBUTE_MISSING: standard_price_or_sale_price
406516U-002Ru001q242,WARNING,CONDITIONAL_ATTRIBUTE_NOT_DETERMINED: coverage
406516U-002Ru001q242,WARNING,CONDITIONAL_ATTRIBUTE_NOT_DETERMINED: style
406516U-002Ru001q242,WARNING,CONDITIONAL_ATTRIBUTE_NOT_DETERMINED: theme
406516U-002Ru001q242,WARNING,THEME_REVIEW: no clear valid value for this print
406516U-002Ru001q242,WARNING,PARENT_SKU_PROPOSED: 406516U-PARENT (confirm)
406516U-002Ru001q242,WARNING,"IMAGE_SKU_MATCH_MEDIUM: thumbnail viewed, not itemized"
406516U-002Ru001q243,HARD_BLOCKER,REQUIRED_ATTRIBUTE_MISSING: dangerous_goods_regulations
406516U-002Ru001q243,HARD_BLOCKER,REQUIRED_ATTRIBUTE_MISSING: quantity
406516U-002Ru001q243,HARD_BLOCKER,REQUIRED_ATTRIBUTE_MISSING: shipping_template
406516U-002Ru001q243,HARD_BLOCKER,REQUIRED_ATTRIBUTE_MISSING: standard_price_or_sale_price
406516U-002Ru001q243,WARNING,CONDITIONAL_ATTRIBUTE_NOT_DETERMINED: coverage
406516U-002Ru001q243,WARNING,CONDITIONAL_ATTRIBUTE_NOT_DETERMINED: style
406516U-002Ru001q243,WARNING,CONDITIONAL_ATTRIBUTE_NOT_DETERMINED: theme
406516U-002Ru001q243,WARNING,THEME_REVIEW: no clear valid value for this print
406516U-002Ru001q243,WARNING,PARENT_SKU_PROPOSED: 406516U-PARENT (confirm)
406516U-002Ru001q243,WARNING,"IMAGE_SKU_MATCH_MEDIUM: thumbnail viewed, not itemized"
406516U-002Ru001q244,HARD_BLOCKER,REQUIRED_ATTRIBUTE_MISSING: dangerous_goods_regulations
406516U-002Ru001q244,HARD_BLOCKER,REQUIRED_ATTRIBUTE_MISSING: quantity
406516U-002Ru001q244,HARD_BLOCKER,REQUIRED_ATTRIBUTE_MISSING: shipping_template
406516U-002Ru001q244,HARD_BLOCKER,REQUIRED_ATTRIBUTE_MISSING: standard_price_or_sale_price
406516U-002Ru001q244,WARNING,CONDITIONAL_ATTRIBUTE_NOT_DETERMINED: coverage
406516U-002Ru001q244,WARNING,CONDITIONAL_ATTRIBUTE_NOT_DETERMINED: style
406516U-002Ru001q244,WARNING,CONDITIONAL_ATTRIBUTE_NOT_DETERMINED: theme
406516U-002Ru001q244,WARNING,THEME_REVIEW: no clear valid value for this print
406516U-002Ru001q244,WARNING,PARENT_SKU_PROPOSED: 406516U-PARENT (confirm)
406516U-002Ru001q244,WARNING,"IMAGE_SKU_MATCH_MEDIUM: thumbnail viewed, not itemized"
406516U-002Ru001q245,HARD_BLOCKER,REQUIRED_ATTRIBUTE_MISSING: dangerous_goods_regulations
406516U-002Ru001q245,HARD_BLOCKER,REQUIRED_ATTRIBUTE_MISSING: quantity
406516U-002Ru001q245,HARD_BLOCKER,REQUIRED_ATTRIBUTE_MISSING: shipping_template
406516U-002Ru001q245,HARD_BLOCKER,REQUIRED_ATTRIBUTE_MISSING: standard_price_or_sale_price
406516U-002Ru001q245,WARNING,CONDITIONAL_ATTRIBUTE_NOT_DETERMINED: coverage
406516U-002Ru001q245,WARNING,CONDITIONAL_ATTRIBUTE_NOT_DETERMINED: style
406516U-002Ru001q245,WARNING,PARENT_SKU_PROPOSED: 406516U-PARENT (confirm)
406516U-002Ru001q245,WARNING,"IMAGE_SKU_MATCH_MEDIUM: thumbnail viewed, not itemized"
406516U-002Ru001q246,HARD_BLOCKER,REQUIRED_ATTRIBUTE_MISSING: dangerous_goods_regulations
406516U-002Ru001q246,HARD_BLOCKER,REQUIRED_ATTRIBUTE_MISSING: quantity
406516U-002Ru001q246,HARD_BLOCKER,REQUIRED_ATTRIBUTE_MISSING: shipping_template
406516U-002Ru001q246,HARD_BLOCKER,REQUIRED_ATTRIBUTE_MISSING: standard_price_or_sale_price
406516U-002Ru001q246,WARNING,CONDITIONAL_ATTRIBUTE_NOT_DETERMINED: coverage
406516U-002Ru001q246,WARNING,CONDITIONAL_ATTRIBUTE_NOT_DETERMINED: style
406516U-002Ru001q246,WARNING,PARENT_SKU_PROPOSED: 406516U-PARENT (confirm)
406516U-002Ru001q247,HARD_BLOCKER,REQUIRED_ATTRIBUTE_MISSING: dangerous_goods_regulations
406516U-002Ru001q247,HARD_BLOCKER,REQUIRED_ATTRIBUTE_MISSING: quantity
406516U-002Ru001q247,HARD_BLOCKER,REQUIRED_ATTRIBUTE_MISSING: shipping_template
406516U-002Ru001q247,HARD_BLOCKER,REQUIRED_ATTRIBUTE_MISSING: standard_price_or_sale_price
406516U-002Ru001q247,WARNING,CONDITIONAL_ATTRIBUTE_NOT_DETERMINED: coverage
406516U-002Ru001q247,WARNING,CONDITIONAL_ATTRIBUTE_NOT_DETERMINED: style
406516U-002Ru001q247,WARNING,PARENT_SKU_PROPOSED: 406516U-PARENT (confirm)
406516U-002Ru001q247,WARNING,"IMAGE_SKU_MATCH_MEDIUM: thumbnail viewed, not itemized"
406516U-002Ru001q248,HARD_BLOCKER,REQUIRED_ATTRIBUTE_MISSING: dangerous_goods_regulations
406516U-002Ru001q248,HARD_BLOCKER,REQUIRED_ATTRIBUTE_MISSING: quantity
406516U-002Ru001q248,HARD_BLOCKER,REQUIRED_ATTRIBUTE_MISSING: shipping_template
406516U-002Ru001q248,HARD_BLOCKER,REQUIRED_ATTRIBUTE_MISSING: standard_price_or_sale_price
406516U-002Ru001q248,WARNING,CONDITIONAL_ATTRIBUTE_NOT_DETERMINED: coverage
406516U-002Ru001q248,WARNING,CONDITIONAL_ATTRIBUTE_NOT_DETERMINED: style
406516U-002Ru001q248,WARNING,CONDITIONAL_ATTRIBUTE_NOT_DETERMINED: theme
406516U-002Ru001q248,WARNING,THEME_REVIEW: no clear valid value for this print
406516U-002Ru001q248,WARNING,PARENT_SKU_PROPOSED: 406516U-PARENT (confirm)
406516U-002Ru001q248,WARNING,"IMAGE_SKU_MATCH_MEDIUM: thumbnail viewed, not itemized"
406516U-002Ru001q249,HARD_BLOCKER,REQUIRED_ATTRIBUTE_MISSING: dangerous_goods_regulations
406516U-002Ru001q249,HARD_BLOCKER,REQUIRED_ATTRIBUTE_MISSING: quantity
406516U-002Ru001q249,HARD_BLOCKER,REQUIRED_ATTRIBUTE_MISSING: shipping_template
406516U-002Ru001q249,HARD_BLOCKER,REQUIRED_ATTRIBUTE_MISSING: standard_price_or_sale_price
406516U-002Ru001q249,WARNING,CONDITIONAL_ATTRIBUTE_NOT_DETERMINED: coverage
406516U-002Ru001q249,WARNING,CONDITIONAL_ATTRIBUTE_NOT_DETERMINED: style
406516U-002Ru001q249,WARNING,PARENT_SKU_PROPOSED: 406516U-PARENT (confirm)
406516U-002Ru001q249,WARNING,"IMAGE_SKU_MATCH_MEDIUM: thumbnail viewed, not itemized"
406516U-002Ru001q250,HARD_BLOCKER,REQUIRED_ATTRIBUTE_MISSING: dangerous_goods_regulations
406516U-002Ru001q250,HARD_BLOCKER,REQUIRED_ATTRIBUTE_MISSING: quantity
406516U-002Ru001q250,HARD_BLOCKER,REQUIRED_ATTRIBUTE_MISSING: shipping_template
406516U-002Ru001q250,HARD_BLOCKER,REQUIRED_ATTRIBUTE_MISSING: standard_price_or_sale_price
406516U-002Ru001q250,WARNING,CONDITIONAL_ATTRIBUTE_NOT_DETERMINED: coverage
406516U-002Ru001q250,WARNING,CONDITIONAL_ATTRIBUTE_NOT_DETERMINED: style
406516U-002Ru001q250,WARNING,PARENT_SKU_PROPOSED: 406516U-PARENT (confirm)
406516U-002Ru001q250,WARNING,"IMAGE_SKU_MATCH_MEDIUM: thumbnail viewed, not itemized"
406516U-002Ru001q251,HARD_BLOCKER,REQUIRED_ATTRIBUTE_MISSING: dangerous_goods_regulations
406516U-002Ru001q251,HARD_BLOCKER,REQUIRED_ATTRIBUTE_MISSING: quantity
406516U-002Ru001q251,HARD_BLOCKER,REQUIRED_ATTRIBUTE_MISSING: shipping_template
406516U-002Ru001q251,HARD_BLOCKER,REQUIRED_ATTRIBUTE_MISSING: standard_price_or_sale_price
406516U-002Ru001q251,WARNING,CONDITIONAL_ATTRIBUTE_NOT_DETERMINED: coverage
406516U-002Ru001q251,WARNING,CONDITIONAL_ATTRIBUTE_NOT_DETERMINED: style
406516U-002Ru001q251,WARNING,CONDITIONAL_ATTRIBUTE_NOT_DETERMINED: theme
406516U-002Ru001q251,WARNING,THEME_REVIEW: no clear valid value for this print
406516U-002Ru001q251,WARNING,PARENT_SKU_PROPOSED: 406516U-PARENT (confirm)
406516U-002Ru001q252,HARD_BLOCKER,REQUIRED_ATTRIBUTE_MISSING: dangerous_goods_regulations
406516U-002Ru001q252,HARD_BLOCKER,REQUIRED_ATTRIBUTE_MISSING: quantity
406516U-002Ru001q252,HARD_BLOCKER,REQUIRED_ATTRIBUTE_MISSING: shipping_template
406516U-002Ru001q252,HARD_BLOCKER,REQUIRED_ATTRIBUTE_MISSING: standard_price_or_sale_price
406516U-002Ru001q252,WARNING,CONDITIONAL_ATTRIBUTE_NOT_DETERMINED: coverage
406516U-002Ru001q252,WARNING,CONDITIONAL_ATTRIBUTE_NOT_DETERMINED: style
406516U-002Ru001q252,WARNING,PARENT_SKU_PROPOSED: 406516U-PARENT (confirm)
406516U-002Ru001q252,WARNING,"IMAGE_SKU_MATCH_MEDIUM: thumbnail viewed, not itemized"
406516U-002Ru001q253,HARD_BLOCKER,REQUIRED_ATTRIBUTE_MISSING: dangerous_goods_regulations
406516U-002Ru001q253,HARD_BLOCKER,REQUIRED_ATTRIBUTE_MISSING: quantity
406516U-002Ru001q253,HARD_BLOCKER,REQUIRED_ATTRIBUTE_MISSING: shipping_template
406516U-002Ru001q253,HARD_BLOCKER,REQUIRED_ATTRIBUTE_MISSING: standard_price_or_sale_price
406516U-002Ru001q253,WARNING,CONDITIONAL_ATTRIBUTE_NOT_DETERMINED: coverage
406516U-002Ru001q253,WARNING,CONDITIONAL_ATTRIBUTE_NOT_DETERMINED: style
406516U-002Ru001q253,WARNING,PARENT_SKU_PROPOSED: 406516U-PARENT (confirm)
406516U-002Ru001q253,WARNING,"IMAGE_SKU_MATCH_MEDIUM: thumbnail viewed, not itemized"
406516U-002Ru001q254,HARD_BLOCKER,REQUIRED_ATTRIBUTE_MISSING: dangerous_goods_regulations
406516U-002Ru001q254,HARD_BLOCKER,REQUIRED_ATTRIBUTE_MISSING: quantity
406516U-002Ru001q254,HARD_BLOCKER,REQUIRED_ATTRIBUTE_MISSING: shipping_template
406516U-002Ru001q254,HARD_BLOCKER,REQUIRED_ATTRIBUTE_MISSING: standard_price_or_sale_price
406516U-002Ru001q254,WARNING,CONDITIONAL_ATTRIBUTE_NOT_DETERMINED: coverage
406516U-002Ru001q254,WARNING,CONDITIONAL_ATTRIBUTE_NOT_DETERMINED: style
406516U-002Ru001q254,WARNING,PARENT_SKU_PROPOSED: 406516U-PARENT (confirm)
406516U-002Ru001q254,WARNING,"IMAGE_SKU_MATCH_MEDIUM: thumbnail viewed, not itemized"
406516U-002Ru001q255,HARD_BLOCKER,REQUIRED_ATTRIBUTE_MISSING: dangerous_goods_regulations
406516U-002Ru001q255,HARD_BLOCKER,REQUIRED_ATTRIBUTE_MISSING: quantity
406516U-002Ru001q255,HARD_BLOCKER,REQUIRED_ATTRIBUTE_MISSING: shipping_template
406516U-002Ru001q255,HARD_BLOCKER,REQUIRED_ATTRIBUTE_MISSING: standard_price_or_sale_price
406516U-002Ru001q255,WARNING,CONDITIONAL_ATTRIBUTE_NOT_DETERMINED: coverage
406516U-002Ru001q255,WARNING,CONDITIONAL_ATTRIBUTE_NOT_DETERMINED: style
406516U-002Ru001q255,WARNING,PARENT_SKU_PROPOSED: 406516U-PARENT (confirm)
406516U-002Ru001q255,WARNING,"IMAGE_SKU_MATCH_MEDIUM: thumbnail viewed, not itemized"
406516U-002Ru001q256,HARD_BLOCKER,REQUIRED_ATTRIBUTE_MISSING: dangerous_goods_regulations
406516U-002Ru001q256,HARD_BLOCKER,REQUIRED_ATTRIBUTE_MISSING: quantity
406516U-002Ru001q256,HARD_BLOCKER,REQUIRED_ATTRIBUTE_MISSING: shipping_template
406516U-002Ru001q256,HARD_BLOCKER,REQUIRED_ATTRIBUTE_MISSING: standard_price_or_sale_price
406516U-002Ru001q256,WARNING,CONDITIONAL_ATTRIBUTE_NOT_DETERMINED: coverage
406516U-002Ru001q256,WARNING,CONDITIONAL_ATTRIBUTE_NOT_DETERMINED: style
406516U-002Ru001q256,WARNING,CONDITIONAL_ATTRIBUTE_NOT_DETERMINED: theme
406516U-002Ru001q256,WARNING,THEME_REVIEW: no clear valid value for this print
406516U-002Ru001q256,WARNING,PARENT_SKU_PROPOSED: 406516U-PARENT (confirm)
406516U-002Ru001q256,WARNING,"IMAGE_SKU_MATCH_MEDIUM: thumbnail viewed, not itemized"
406516U-002Ru001q257,HARD_BLOCKER,REQUIRED_ATTRIBUTE_MISSING: dangerous_goods_regulations
406516U-002Ru001q257,HARD_BLOCKER,REQUIRED_ATTRIBUTE_MISSING: quantity
406516U-002Ru001q257,HARD_BLOCKER,REQUIRED_ATTRIBUTE_MISSING: shipping_template
406516U-002Ru001q257,HARD_BLOCKER,REQUIRED_ATTRIBUTE_MISSING: standard_price_or_sale_price
406516U-002Ru001q257,WARNING,CONDITIONAL_ATTRIBUTE_NOT_DETERMINED: coverage
406516U-002Ru001q257,WARNING,CONDITIONAL_ATTRIBUTE_NOT_DETERMINED: style
406516U-002Ru001q257,WARNING,PARENT_SKU_PROPOSED: 406516U-PARENT (confirm)
406516U-002Ru001q257,WARNING,"IMAGE_SKU_MATCH_MEDIUM: thumbnail viewed, not itemized"
406516U-002Ru001q258,HARD_BLOCKER,REQUIRED_ATTRIBUTE_MISSING: dangerous_goods_regulations
406516U-002Ru001q258,HARD_BLOCKER,REQUIRED_ATTRIBUTE_MISSING: quantity
406516U-002Ru001q258,HARD_BLOCKER,REQUIRED_ATTRIBUTE_MISSING: shipping_template
406516U-002Ru001q258,HARD_BLOCKER,REQUIRED_ATTRIBUTE_MISSING: standard_price_or_sale_price
406516U-002Ru001q258,WARNING,CONDITIONAL_ATTRIBUTE_NOT_DETERMINED: coverage
406516U-002Ru001q258,WARNING,CONDITIONAL_ATTRIBUTE_NOT_DETERMINED: style
406516U-002Ru001q258,WARNING,CONDITIONAL_ATTRIBUTE_NOT_DETERMINED: theme
406516U-002Ru001q258,WARNING,THEME_REVIEW: no clear valid value for this print
406516U-002Ru001q258,WARNING,PARENT_SKU_PROPOSED: 406516U-PARENT (confirm)
406516U-002Ru001q258,WARNING,"IMAGE_SKU_MATCH_MEDIUM: thumbnail viewed, not itemized"
406516U-002Ru001q259,HARD_BLOCKER,REQUIRED_ATTRIBUTE_MISSING: dangerous_goods_regulations
406516U-002Ru001q259,HARD_BLOCKER,REQUIRED_ATTRIBUTE_MISSING: quantity
406516U-002Ru001q259,HARD_BLOCKER,REQUIRED_ATTRIBUTE_MISSING: shipping_template
406516U-002Ru001q259,HARD_BLOCKER,REQUIRED_ATTRIBUTE_MISSING: standard_price_or_sale_price
406516U-002Ru001q259,WARNING,CONDITIONAL_ATTRIBUTE_NOT_DETERMINED: coverage
406516U-002Ru001q259,WARNING,CONDITIONAL_ATTRIBUTE_NOT_DETERMINED: style
406516U-002Ru001q259,WARNING,PARENT_SKU_PROPOSED: 406516U-PARENT (confirm)
406516U-002Ru001q259,WARNING,"IMAGE_SKU_MATCH_MEDIUM: thumbnail viewed, not itemized"
406516U-002Ru001q260,HARD_BLOCKER,REQUIRED_ATTRIBUTE_MISSING: dangerous_goods_regulations
406516U-002Ru001q260,HARD_BLOCKER,REQUIRED_ATTRIBUTE_MISSING: quantity
406516U-002Ru001q260,HARD_BLOCKER,REQUIRED_ATTRIBUTE_MISSING: shipping_template
406516U-002Ru001q260,HARD_BLOCKER,REQUIRED_ATTRIBUTE_MISSING: standard_price_or_sale_price
406516U-002Ru001q260,WARNING,CONDITIONAL_ATTRIBUTE_NOT_DETERMINED: coverage
406516U-002Ru001q260,WARNING,CONDITIONAL_ATTRIBUTE_NOT_DETERMINED: style
406516U-002Ru001q260,WARNING,PARENT_SKU_PROPOSED: 406516U-PARENT (confirm)
406516U-002Ru001q260,WARNING,"IMAGE_SKU_MATCH_MEDIUM: thumbnail viewed, not itemized"
406516U-002Ru001q261,HARD_BLOCKER,REQUIRED_ATTRIBUTE_MISSING: dangerous_goods_regulations
406516U-002Ru001q261,HARD_BLOCKER,REQUIRED_ATTRIBUTE_MISSING: quantity
406516U-002Ru001q261,HARD_BLOCKER,REQUIRED_ATTRIBUTE_MISSING: shipping_template
406516U-002Ru001q261,HARD_BLOCKER,REQUIRED_ATTRIBUTE_MISSING: standard_price_or_sale_price
406516U-002Ru001q261,WARNING,CONDITIONAL_ATTRIBUTE_NOT_DETERMINED: coverage
406516U-002Ru001q261,WARNING,CONDITIONAL_ATTRIBUTE_NOT_DETERMINED: style
406516U-002Ru001q261,WARNING,PARENT_SKU_PROPOSED: 406516U-PARENT (confirm)
406516U-002Ru001q261,WARNING,"IMAGE_SKU_MATCH_MEDIUM: thumbnail viewed, not itemized"
406516U-002Ru001q262,HARD_BLOCKER,REQUIRED_ATTRIBUTE_MISSING: dangerous_goods_regulations
406516U-002Ru001q262,HARD_BLOCKER,REQUIRED_ATTRIBUTE_MISSING: quantity
406516U-002Ru001q262,HARD_BLOCKER,REQUIRED_ATTRIBUTE_MISSING: shipping_template
406516U-002Ru001q262,HARD_BLOCKER,REQUIRED_ATTRIBUTE_MISSING: standard_price_or_sale_price
406516U-002Ru001q262,WARNING,CONDITIONAL_ATTRIBUTE_NOT_DETERMINED: coverage
406516U-002Ru001q262,WARNING,CONDITIONAL_ATTRIBUTE_NOT_DETERMINED: style
406516U-002Ru001q262,WARNING,PARENT_SKU_PROPOSED: 406516U-PARENT (confirm)
406516U-002Ru001q262,WARNING,"IMAGE_SKU_MATCH_MEDIUM: thumbnail viewed, not itemized"
406516U-002Ru001q263,HARD_BLOCKER,REQUIRED_ATTRIBUTE_MISSING: dangerous_goods_regulations
406516U-002Ru001q263,HARD_BLOCKER,REQUIRED_ATTRIBUTE_MISSING: quantity
406516U-002Ru001q263,HARD_BLOCKER,REQUIRED_ATTRIBUTE_MISSING: shipping_template
406516U-002Ru001q263,HARD_BLOCKER,REQUIRED_ATTRIBUTE_MISSING: standard_price_or_sale_price
406516U-002Ru001q263,WARNING,CONDITIONAL_ATTRIBUTE_NOT_DETERMINED: coverage
406516U-002Ru001q263,WARNING,CONDITIONAL_ATTRIBUTE_NOT_DETERMINED: style
406516U-002Ru001q263,WARNING,PARENT_SKU_PROPOSED: 406516U-PARENT (confirm)
406516U-002Ru001q263,WARNING,"IMAGE_SKU_MATCH_MEDIUM: thumbnail viewed, not itemized"
406516U-002Ru001q264,HARD_BLOCKER,REQUIRED_ATTRIBUTE_MISSING: dangerous_goods_regulations
406516U-002Ru001q264,HARD_BLOCKER,REQUIRED_ATTRIBUTE_MISSING: quantity
406516U-002Ru001q264,HARD_BLOCKER,REQUIRED_ATTRIBUTE_MISSING: shipping_template
406516U-002Ru001q264,HARD_BLOCKER,REQUIRED_ATTRIBUTE_MISSING: standard_price_or_sale_price
406516U-002Ru001q264,WARNING,CONDITIONAL_ATTRIBUTE_NOT_DETERMINED: coverage
406516U-002Ru001q264,WARNING,CONDITIONAL_ATTRIBUTE_NOT_DETERMINED: style
406516U-002Ru001q264,WARNING,PARENT_SKU_PROPOSED: 406516U-PARENT (confirm)
406516U-002Ru001q264,WARNING,"IMAGE_SKU_MATCH_MEDIUM: thumbnail viewed, not itemized"
406516U-002Ru001q265,HARD_BLOCKER,REQUIRED_ATTRIBUTE_MISSING: dangerous_goods_regulations
406516U-002Ru001q265,HARD_BLOCKER,REQUIRED_ATTRIBUTE_MISSING: quantity
406516U-002Ru001q265,HARD_BLOCKER,REQUIRED_ATTRIBUTE_MISSING: shipping_template
406516U-002Ru001q265,HARD_BLOCKER,REQUIRED_ATTRIBUTE_MISSING: standard_price_or_sale_price
406516U-002Ru001q265,WARNING,CONDITIONAL_ATTRIBUTE_NOT_DETERMINED: coverage
406516U-002Ru001q265,WARNING,CONDITIONAL_ATTRIBUTE_NOT_DETERMINED: style
406516U-002Ru001q265,WARNING,PARENT_SKU_PROPOSED: 406516U-PARENT (confirm)
406516U-002Ru001q265,WARNING,"IMAGE_SKU_MATCH_MEDIUM: thumbnail viewed, not itemized"
406516U-002Ru001q266,HARD_BLOCKER,REQUIRED_ATTRIBUTE_MISSING: dangerous_goods_regulations
406516U-002Ru001q266,HARD_BLOCKER,REQUIRED_ATTRIBUTE_MISSING: quantity
406516U-002Ru001q266,HARD_BLOCKER,REQUIRED_ATTRIBUTE_MISSING: shipping_template
406516U-002Ru001q266,HARD_BLOCKER,REQUIRED_ATTRIBUTE_MISSING: standard_price_or_sale_price
406516U-002Ru001q266,WARNING,CONDITIONAL_ATTRIBUTE_NOT_DETERMINED: coverage
406516U-002Ru001q266,WARNING,CONDITIONAL_ATTRIBUTE_NOT_DETERMINED: style
406516U-002Ru001q266,WARNING,CONDITIONAL_ATTRIBUTE_NOT_DETERMINED: theme
406516U-002Ru001q266,WARNING,THEME_REVIEW: no clear valid value for this print
406516U-002Ru001q266,WARNING,PARENT_SKU_PROPOSED: 406516U-PARENT (confirm)
406516U-002Ru001q266,WARNING,"IMAGE_SKU_MATCH_MEDIUM: thumbnail viewed, not itemized"
406516U-002Ru001q267,HARD_BLOCKER,REQUIRED_ATTRIBUTE_MISSING: dangerous_goods_regulations
406516U-002Ru001q267,HARD_BLOCKER,REQUIRED_ATTRIBUTE_MISSING: quantity
406516U-002Ru001q267,HARD_BLOCKER,REQUIRED_ATTRIBUTE_MISSING: shipping_template
406516U-002Ru001q267,HARD_BLOCKER,REQUIRED_ATTRIBUTE_MISSING: standard_price_or_sale_price
406516U-002Ru001q267,WARNING,CONDITIONAL_ATTRIBUTE_NOT_DETERMINED: coverage
406516U-002Ru001q267,WARNING,CONDITIONAL_ATTRIBUTE_NOT_DETERMINED: style
406516U-002Ru001q267,WARNING,PARENT_SKU_PROPOSED: 406516U-PARENT (confirm)
406516U-002Ru001q267,WARNING,"IMAGE_SKU_MATCH_MEDIUM: thumbnail viewed, not itemized"
406516U-002Ru001q268,HARD_BLOCKER,REQUIRED_ATTRIBUTE_MISSING: dangerous_goods_regulations
406516U-002Ru001q268,HARD_BLOCKER,REQUIRED_ATTRIBUTE_MISSING: quantity
406516U-002Ru001q268,HARD_BLOCKER,REQUIRED_ATTRIBUTE_MISSING: shipping_template
406516U-002Ru001q268,HARD_BLOCKER,REQUIRED_ATTRIBUTE_MISSING: standard_price_or_sale_price
406516U-002Ru001q268,WARNING,CONDITIONAL_ATTRIBUTE_NOT_DETERMINED: coverage
406516U-002Ru001q268,WARNING,CONDITIONAL_ATTRIBUTE_NOT_DETERMINED: style
406516U-002Ru001q268,WARNING,PARENT_SKU_PROPOSED: 406516U-PARENT (confirm)
406516U-002Ru001q268,WARNING,"IMAGE_SKU_MATCH_MEDIUM: thumbnail viewed, not itemized"
406516U-002Ru001q269,HARD_BLOCKER,REQUIRED_ATTRIBUTE_MISSING: dangerous_goods_regulations
406516U-002Ru001q269,HARD_BLOCKER,REQUIRED_ATTRIBUTE_MISSING: quantity
406516U-002Ru001q269,HARD_BLOCKER,REQUIRED_ATTRIBUTE_MISSING: shipping_template
406516U-002Ru001q269,HARD_BLOCKER,REQUIRED_ATTRIBUTE_MISSING: standard_price_or_sale_price
406516U-002Ru001q269,WARNING,CONDITIONAL_ATTRIBUTE_NOT_DETERMINED: coverage
406516U-002Ru001q269,WARNING,CONDITIONAL_ATTRIBUTE_NOT_DETERMINED: style
406516U-002Ru001q269,WARNING,PARENT_SKU_PROPOSED: 406516U-PARENT (confirm)
406516U-002Ru001q269,WARNING,"IMAGE_SKU_MATCH_MEDIUM: thumbnail viewed, not itemized"
406516U-002Ru001q270,HARD_BLOCKER,REQUIRED_ATTRIBUTE_MISSING: dangerous_goods_regulations
406516U-002Ru001q270,HARD_BLOCKER,REQUIRED_ATTRIBUTE_MISSING: quantity
406516U-002Ru001q270,HARD_BLOCKER,REQUIRED_ATTRIBUTE_MISSING: shipping_template
406516U-002Ru001q270,HARD_BLOCKER,REQUIRED_ATTRIBUTE_MISSING: standard_price_or_sale_price
406516U-002Ru001q270,WARNING,CONDITIONAL_ATTRIBUTE_NOT_DETERMINED: coverage
406516U-002Ru001q270,WARNING,CONDITIONAL_ATTRIBUTE_NOT_DETERMINED: style
406516U-002Ru001q270,WARNING,CONDITIONAL_ATTRIBUTE_NOT_DETERMINED: theme
406516U-002Ru001q270,WARNING,THEME_REVIEW: no clear valid value for this print
406516U-002Ru001q270,WARNING,PARENT_SKU_PROPOSED: 406516U-PARENT (confirm)
406516U-002Ru001q270,WARNING,"IMAGE_SKU_MATCH_MEDIUM: thumbnail viewed, not itemized"
406516U-002Ru001q271,HARD_BLOCKER,REQUIRED_ATTRIBUTE_MISSING: dangerous_goods_regulations
406516U-002Ru001q271,HARD_BLOCKER,REQUIRED_ATTRIBUTE_MISSING: quantity
406516U-002Ru001q271,HARD_BLOCKER,REQUIRED_ATTRIBUTE_MISSING: shipping_template
406516U-002Ru001q271,HARD_BLOCKER,REQUIRED_ATTRIBUTE_MISSING: standard_price_or_sale_price
406516U-002Ru001q271,WARNING,CONDITIONAL_ATTRIBUTE_NOT_DETERMINED: coverage
406516U-002Ru001q271,WARNING,CONDITIONAL_ATTRIBUTE_NOT_DETERMINED: style
406516U-002Ru001q271,WARNING,PARENT_SKU_PROPOSED: 406516U-PARENT (confirm)
406516U-002Ru001q271,WARNING,"IMAGE_SKU_MATCH_MEDIUM: thumbnail viewed, not itemized"
406516U-002Ru001q272,HARD_BLOCKER,REQUIRED_ATTRIBUTE_MISSING: dangerous_goods_regulations
406516U-002Ru001q272,HARD_BLOCKER,REQUIRED_ATTRIBUTE_MISSING: quantity
406516U-002Ru001q272,HARD_BLOCKER,REQUIRED_ATTRIBUTE_MISSING: shipping_template
406516U-002Ru001q272,HARD_BLOCKER,REQUIRED_ATTRIBUTE_MISSING: standard_price_or_sale_price
406516U-002Ru001q272,WARNING,CONDITIONAL_ATTRIBUTE_NOT_DETERMINED: coverage
406516U-002Ru001q272,WARNING,CONDITIONAL_ATTRIBUTE_NOT_DETERMINED: style
406516U-002Ru001q272,WARNING,PARENT_SKU_PROPOSED: 406516U-PARENT (confirm)
406516U-002Ru001q272,WARNING,"IMAGE_SKU_MATCH_MEDIUM: thumbnail viewed, not itemized"
406516U-002Ru001q273,HARD_BLOCKER,REQUIRED_ATTRIBUTE_MISSING: dangerous_goods_regulations
406516U-002Ru001q273,HARD_BLOCKER,REQUIRED_ATTRIBUTE_MISSING: quantity
406516U-002Ru001q273,HARD_BLOCKER,REQUIRED_ATTRIBUTE_MISSING: shipping_template
406516U-002Ru001q273,HARD_BLOCKER,REQUIRED_ATTRIBUTE_MISSING: standard_price_or_sale_price
406516U-002Ru001q273,WARNING,CONDITIONAL_ATTRIBUTE_NOT_DETERMINED: coverage
406516U-002Ru001q273,WARNING,CONDITIONAL_ATTRIBUTE_NOT_DETERMINED: style
406516U-002Ru001q273,WARNING,CONDITIONAL_ATTRIBUTE_NOT_DETERMINED: theme
406516U-002Ru001q273,WARNING,THEME_REVIEW: no clear valid value for this print
406516U-002Ru001q273,WARNING,PARENT_SKU_PROPOSED: 406516U-PARENT (confirm)
406516U-002Ru001q273,WARNING,"IMAGE_SKU_MATCH_MEDIUM: thumbnail viewed, not itemized"
406516U-002Ru001q274,HARD_BLOCKER,REQUIRED_ATTRIBUTE_MISSING: dangerous_goods_regulations
406516U-002Ru001q274,HARD_BLOCKER,REQUIRED_ATTRIBUTE_MISSING: quantity
406516U-002Ru001q274,HARD_BLOCKER,REQUIRED_ATTRIBUTE_MISSING: shipping_template
406516U-002Ru001q274,HARD_BLOCKER,REQUIRED_ATTRIBUTE_MISSING: standard_price_or_sale_price
406516U-002Ru001q274,WARNING,CONDITIONAL_ATTRIBUTE_NOT_DETERMINED: coverage
406516U-002Ru001q274,WARNING,CONDITIONAL_ATTRIBUTE_NOT_DETERMINED: style
406516U-002Ru001q274,WARNING,CONDITIONAL_ATTRIBUTE_NOT_DETERMINED: theme
406516U-002Ru001q274,WARNING,THEME_REVIEW: no clear valid value for this print
406516U-002Ru001q274,WARNING,PARENT_SKU_PROPOSED: 406516U-PARENT (confirm)
406516U-002Ru001q274,WARNING,"IMAGE_SKU_MATCH_MEDIUM: thumbnail viewed, not itemized"
406516U-002Ru001q275,HARD_BLOCKER,REQUIRED_ATTRIBUTE_MISSING: dangerous_goods_regulations
406516U-002Ru001q275,HARD_BLOCKER,REQUIRED_ATTRIBUTE_MISSING: quantity
406516U-002Ru001q275,HARD_BLOCKER,REQUIRED_ATTRIBUTE_MISSING: shipping_template
406516U-002Ru001q275,HARD_BLOCKER,REQUIRED_ATTRIBUTE_MISSING: standard_price_or_sale_price
406516U-002Ru001q275,WARNING,CONDITIONAL_ATTRIBUTE_NOT_DETERMINED: coverage
406516U-002Ru001q275,WARNING,CONDITIONAL_ATTRIBUTE_NOT_DETERMINED: style
406516U-002Ru001q275,WARNING,PARENT_SKU_PROPOSED: 406516U-PARENT (confirm)
406516U-002Ru001q275,WARNING,"IMAGE_SKU_MATCH_MEDIUM: thumbnail viewed, not itemized"
406516U-002Ru001q276,HARD_BLOCKER,REQUIRED_ATTRIBUTE_MISSING: dangerous_goods_regulations
406516U-002Ru001q276,HARD_BLOCKER,REQUIRED_ATTRIBUTE_MISSING: quantity
406516U-002Ru001q276,HARD_BLOCKER,REQUIRED_ATTRIBUTE_MISSING: shipping_template
406516U-002Ru001q276,HARD_BLOCKER,REQUIRED_ATTRIBUTE_MISSING: standard_price_or_sale_price
406516U-002Ru001q276,WARNING,CONDITIONAL_ATTRIBUTE_NOT_DETERMINED: coverage
406516U-002Ru001q276,WARNING,CONDITIONAL_ATTRIBUTE_NOT_DETERMINED: style
406516U-002Ru001q276,WARNING,CONDITIONAL_ATTRIBUTE_NOT_DETERMINED: theme
406516U-002Ru001q276,WARNING,THEME_REVIEW: no clear valid value for this print
406516U-002Ru001q276,WARNING,PARENT_SKU_PROPOSED: 406516U-PARENT (confirm)
406516U-002Ru001q276,WARNING,"IMAGE_SKU_MATCH_MEDIUM: thumbnail viewed, not itemized"
406517-002Ru001q212,HARD_BLOCKER,REQUIRED_ATTRIBUTE_MISSING: dangerous_goods_regulations
406517-002Ru001q212,HARD_BLOCKER,REQUIRED_ATTRIBUTE_MISSING: quantity
406517-002Ru001q212,HARD_BLOCKER,REQUIRED_ATTRIBUTE_MISSING: shipping_template
406517-002Ru001q212,HARD_BLOCKER,REQUIRED_ATTRIBUTE_MISSING: standard_price_or_sale_price
406517-002Ru001q212,WARNING,CONDITIONAL_ATTRIBUTE_NOT_DETERMINED: coverage
406517-002Ru001q212,WARNING,CONDITIONAL_ATTRIBUTE_NOT_DETERMINED: style
406517-002Ru001q212,WARNING,PARENT_SKU_PROPOSED: 406517-PARENT (confirm)
406517-002Ru001q213,HARD_BLOCKER,REQUIRED_ATTRIBUTE_MISSING: dangerous_goods_regulations
406517-002Ru001q213,HARD_BLOCKER,REQUIRED_ATTRIBUTE_MISSING: quantity
406517-002Ru001q213,HARD_BLOCKER,REQUIRED_ATTRIBUTE_MISSING: shipping_template
406517-002Ru001q213,HARD_BLOCKER,REQUIRED_ATTRIBUTE_MISSING: standard_price_or_sale_price
406517-002Ru001q213,WARNING,CONDITIONAL_ATTRIBUTE_NOT_DETERMINED: coverage
406517-002Ru001q213,WARNING,CONDITIONAL_ATTRIBUTE_NOT_DETERMINED: style
406517-002Ru001q213,WARNING,PARENT_SKU_PROPOSED: 406517-PARENT (confirm)
406517-002Ru001q213,WARNING,"IMAGE_SKU_MATCH_MEDIUM: thumbnail viewed, not itemized"
406517-002Ru001q214,HARD_BLOCKER,REQUIRED_ATTRIBUTE_MISSING: dangerous_goods_regulations
406517-002Ru001q214,HARD_BLOCKER,REQUIRED_ATTRIBUTE_MISSING: quantity
406517-002Ru001q214,HARD_BLOCKER,REQUIRED_ATTRIBUTE_MISSING: shipping_template
406517-002Ru001q214,HARD_BLOCKER,REQUIRED_ATTRIBUTE_MISSING: standard_price_or_sale_price
406517-002Ru001q214,WARNING,CONDITIONAL_ATTRIBUTE_NOT_DETERMINED: coverage
406517-002Ru001q214,WARNING,CONDITIONAL_ATTRIBUTE_NOT_DETERMINED: style
406517-002Ru001q214,WARNING,PARENT_SKU_PROPOSED: 406517-PARENT (confirm)
406517-002Ru001q214,WARNING,"IMAGE_SKU_MATCH_MEDIUM: thumbnail viewed, not itemized"
406517-002Ru001q215,HARD_BLOCKER,REQUIRED_ATTRIBUTE_MISSING: dangerous_goods_regulations
406517-002Ru001q215,HARD_BLOCKER,REQUIRED_ATTRIBUTE_MISSING: quantity
406517-002Ru001q215,HARD_BLOCKER,REQUIRED_ATTRIBUTE_MISSING: shipping_template
406517-002Ru001q215,HARD_BLOCKER,REQUIRED_ATTRIBUTE_MISSING: standard_price_or_sale_price
406517-002Ru001q215,WARNING,CONDITIONAL_ATTRIBUTE_NOT_DETERMINED: coverage
406517-002Ru001q215,WARNING,CONDITIONAL_ATTRIBUTE_NOT_DETERMINED: style
406517-002Ru001q215,WARNING,PARENT_SKU_PROPOSED: 406517-PARENT (confirm)
406517-002Ru001q215,WARNING,"IMAGE_SKU_MATCH_MEDIUM: thumbnail viewed, not itemized"
406517-002Ru001q216,HARD_BLOCKER,REQUIRED_ATTRIBUTE_MISSING: dangerous_goods_regulations
406517-002Ru001q216,HARD_BLOCKER,REQUIRED_ATTRIBUTE_MISSING: quantity
406517-002Ru001q216,HARD_BLOCKER,REQUIRED_ATTRIBUTE_MISSING: shipping_template
406517-002Ru001q216,HARD_BLOCKER,REQUIRED_ATTRIBUTE_MISSING: standard_price_or_sale_price
406517-002Ru001q216,WARNING,CONDITIONAL_ATTRIBUTE_NOT_DETERMINED: coverage
406517-002Ru001q216,WARNING,CONDITIONAL_ATTRIBUTE_NOT_DETERMINED: style
406517-002Ru001q216,WARNING,CONDITIONAL_ATTRIBUTE_NOT_DETERMINED: theme
406517-002Ru001q216,WARNING,THEME_REVIEW: no clear valid value for this print
406517-002Ru001q216,WARNING,PARENT_SKU_PROPOSED: 406517-PARENT (confirm)
406517-002Ru001q216,WARNING,"IMAGE_SKU_MATCH_MEDIUM: thumbnail viewed, not itemized"
406517-002Ru001q217,HARD_BLOCKER,REQUIRED_ATTRIBUTE_MISSING: dangerous_goods_regulations
406517-002Ru001q217,HARD_BLOCKER,REQUIRED_ATTRIBUTE_MISSING: quantity
406517-002Ru001q217,HARD_BLOCKER,REQUIRED_ATTRIBUTE_MISSING: shipping_template
406517-002Ru001q217,HARD_BLOCKER,REQUIRED_ATTRIBUTE_MISSING: standard_price_or_sale_price
406517-002Ru001q217,WARNING,CONDITIONAL_ATTRIBUTE_NOT_DETERMINED: coverage
406517-002Ru001q217,WARNING,CONDITIONAL_ATTRIBUTE_NOT_DETERMINED: style
406517-002Ru001q217,WARNING,PARENT_SKU_PROPOSED: 406517-PARENT (confirm)
406517-002Ru001q217,WARNING,"IMAGE_SKU_MATCH_MEDIUM: thumbnail viewed, not itemized"
406517-002Ru001q218,HARD_BLOCKER,REQUIRED_ATTRIBUTE_MISSING: dangerous_goods_regulations
406517-002Ru001q218,HARD_BLOCKER,REQUIRED_ATTRIBUTE_MISSING: quantity
406517-002Ru001q218,HARD_BLOCKER,REQUIRED_ATTRIBUTE_MISSING: shipping_template
406517-002Ru001q218,HARD_BLOCKER,REQUIRED_ATTRIBUTE_MISSING: standard_price_or_sale_price
406517-002Ru001q218,WARNING,CONDITIONAL_ATTRIBUTE_NOT_DETERMINED: coverage
406517-002Ru001q218,WARNING,CONDITIONAL_ATTRIBUTE_NOT_DETERMINED: style
406517-002Ru001q218,WARNING,PARENT_SKU_PROPOSED: 406517-PARENT (confirm)
406517-002Ru001q219,HARD_BLOCKER,REQUIRED_ATTRIBUTE_MISSING: dangerous_goods_regulations
406517-002Ru001q219,HARD_BLOCKER,REQUIRED_ATTRIBUTE_MISSING: quantity
406517-002Ru001q219,HARD_BLOCKER,REQUIRED_ATTRIBUTE_MISSING: shipping_template
406517-002Ru001q219,HARD_BLOCKER,REQUIRED_ATTRIBUTE_MISSING: standard_price_or_sale_price
406517-002Ru001q219,WARNING,CONDITIONAL_ATTRIBUTE_NOT_DETERMINED: coverage
406517-002Ru001q219,WARNING,CONDITIONAL_ATTRIBUTE_NOT_DETERMINED: style
406517-002Ru001q219,WARNING,PARENT_SKU_PROPOSED: 406517-PARENT (confirm)
406517-002Ru001q219,WARNING,"IMAGE_SKU_MATCH_MEDIUM: thumbnail viewed, not itemized"
406517-002Ru001q220,HARD_BLOCKER,REQUIRED_ATTRIBUTE_MISSING: dangerous_goods_regulations
406517-002Ru001q220,HARD_BLOCKER,REQUIRED_ATTRIBUTE_MISSING: quantity
406517-002Ru001q220,HARD_BLOCKER,REQUIRED_ATTRIBUTE_MISSING: shipping_template
406517-002Ru001q220,HARD_BLOCKER,REQUIRED_ATTRIBUTE_MISSING: standard_price_or_sale_price
406517-002Ru001q220,WARNING,CONDITIONAL_ATTRIBUTE_NOT_DETERMINED: coverage
406517-002Ru001q220,WARNING,CONDITIONAL_ATTRIBUTE_NOT_DETERMINED: style
406517-002Ru001q220,WARNING,PARENT_SKU_PROPOSED: 406517-PARENT (confirm)
406517-002Ru001q220,WARNING,"IMAGE_SKU_MATCH_MEDIUM: thumbnail viewed, not itemized"
406517-002Ru001q221,HARD_BLOCKER,REQUIRED_ATTRIBUTE_MISSING: dangerous_goods_regulations
406517-002Ru001q221,HARD_BLOCKER,REQUIRED_ATTRIBUTE_MISSING: quantity
406517-002Ru001q221,HARD_BLOCKER,REQUIRED_ATTRIBUTE_MISSING: shipping_template
406517-002Ru001q221,HARD_BLOCKER,REQUIRED_ATTRIBUTE_MISSING: standard_price_or_sale_price
406517-002Ru001q221,WARNING,CONDITIONAL_ATTRIBUTE_NOT_DETERMINED: coverage
406517-002Ru001q221,WARNING,CONDITIONAL_ATTRIBUTE_NOT_DETERMINED: style
406517-002Ru001q221,WARNING,PARENT_SKU_PROPOSED: 406517-PARENT (confirm)
406517-002Ru001q221,WARNING,"IMAGE_SKU_MATCH_MEDIUM: thumbnail viewed, not itemized"
406517-002Ru001q222,HARD_BLOCKER,REQUIRED_ATTRIBUTE_MISSING: dangerous_goods_regulations
406517-002Ru001q222,HARD_BLOCKER,REQUIRED_ATTRIBUTE_MISSING: quantity
406517-002Ru001q222,HARD_BLOCKER,REQUIRED_ATTRIBUTE_MISSING: shipping_template
406517-002Ru001q222,HARD_BLOCKER,REQUIRED_ATTRIBUTE_MISSING: standard_price_or_sale_price
406517-002Ru001q222,WARNING,CONDITIONAL_ATTRIBUTE_NOT_DETERMINED: coverage
406517-002Ru001q222,WARNING,CONDITIONAL_ATTRIBUTE_NOT_DETERMINED: style
406517-002Ru001q222,WARNING,PARENT_SKU_PROPOSED: 406517-PARENT (confirm)
406517-002Ru001q223,HARD_BLOCKER,REQUIRED_ATTRIBUTE_MISSING: dangerous_goods_regulations
406517-002Ru001q223,HARD_BLOCKER,REQUIRED_ATTRIBUTE_MISSING: quantity
406517-002Ru001q223,HARD_BLOCKER,REQUIRED_ATTRIBUTE_MISSING: shipping_template
406517-002Ru001q223,HARD_BLOCKER,REQUIRED_ATTRIBUTE_MISSING: standard_price_or_sale_price
406517-002Ru001q223,WARNING,CONDITIONAL_ATTRIBUTE_NOT_DETERMINED: coverage
406517-002Ru001q223,WARNING,CONDITIONAL_ATTRIBUTE_NOT_DETERMINED: style
406517-002Ru001q223,WARNING,PARENT_SKU_PROPOSED: 406517-PARENT (confirm)
406517-002Ru001q223,WARNING,"IMAGE_SKU_MATCH_MEDIUM: thumbnail viewed, not itemized"
406517-002Ru001q224,HARD_BLOCKER,REQUIRED_ATTRIBUTE_MISSING: dangerous_goods_regulations
406517-002Ru001q224,HARD_BLOCKER,REQUIRED_ATTRIBUTE_MISSING: quantity
406517-002Ru001q224,HARD_BLOCKER,REQUIRED_ATTRIBUTE_MISSING: shipping_template
406517-002Ru001q224,HARD_BLOCKER,REQUIRED_ATTRIBUTE_MISSING: standard_price_or_sale_price
406517-002Ru001q224,WARNING,CONDITIONAL_ATTRIBUTE_NOT_DETERMINED: coverage
406517-002Ru001q224,WARNING,CONDITIONAL_ATTRIBUTE_NOT_DETERMINED: style
406517-002Ru001q224,WARNING,PARENT_SKU_PROPOSED: 406517-PARENT (confirm)
406517-002Ru001q224,WARNING,"IMAGE_SKU_MATCH_MEDIUM: thumbnail viewed, not itemized"
406517-002Ru001q225,HARD_BLOCKER,REQUIRED_ATTRIBUTE_MISSING: dangerous_goods_regulations
406517-002Ru001q225,HARD_BLOCKER,REQUIRED_ATTRIBUTE_MISSING: quantity
406517-002Ru001q225,HARD_BLOCKER,REQUIRED_ATTRIBUTE_MISSING: shipping_template
406517-002Ru001q225,HARD_BLOCKER,REQUIRED_ATTRIBUTE_MISSING: standard_price_or_sale_price
406517-002Ru001q225,WARNING,CONDITIONAL_ATTRIBUTE_NOT_DETERMINED: coverage
406517-002Ru001q225,WARNING,CONDITIONAL_ATTRIBUTE_NOT_DETERMINED: style
406517-002Ru001q225,WARNING,PARENT_SKU_PROPOSED: 406517-PARENT (confirm)
406517-002Ru001q225,WARNING,"IMAGE_SKU_MATCH_MEDIUM: thumbnail viewed, not itemized"
406517-002Ru001q226,HARD_BLOCKER,REQUIRED_ATTRIBUTE_MISSING: dangerous_goods_regulations
406517-002Ru001q226,HARD_BLOCKER,REQUIRED_ATTRIBUTE_MISSING: quantity
406517-002Ru001q226,HARD_BLOCKER,REQUIRED_ATTRIBUTE_MISSING: shipping_template
406517-002Ru001q226,HARD_BLOCKER,REQUIRED_ATTRIBUTE_MISSING: standard_price_or_sale_price
406517-002Ru001q226,WARNING,CONDITIONAL_ATTRIBUTE_NOT_DETERMINED: coverage
406517-002Ru001q226,WARNING,CONDITIONAL_ATTRIBUTE_NOT_DETERMINED: style
406517-002Ru001q226,WARNING,PARENT_SKU_PROPOSED: 406517-PARENT (confirm)
406517-002Ru001q226,WARNING,"IMAGE_SKU_MATCH_MEDIUM: thumbnail viewed, not itemized"
406517-002Ru001q227,HARD_BLOCKER,REQUIRED_ATTRIBUTE_MISSING: dangerous_goods_regulations
406517-002Ru001q227,HARD_BLOCKER,REQUIRED_ATTRIBUTE_MISSING: quantity
406517-002Ru001q227,HARD_BLOCKER,REQUIRED_ATTRIBUTE_MISSING: shipping_template
406517-002Ru001q227,HARD_BLOCKER,REQUIRED_ATTRIBUTE_MISSING: standard_price_or_sale_price
406517-002Ru001q227,WARNING,CONDITIONAL_ATTRIBUTE_NOT_DETERMINED: coverage
406517-002Ru001q227,WARNING,CONDITIONAL_ATTRIBUTE_NOT_DETERMINED: style
406517-002Ru001q227,WARNING,PARENT_SKU_PROPOSED: 406517-PARENT (confirm)
406517-002Ru001q227,WARNING,"IMAGE_SKU_MATCH_MEDIUM: thumbnail viewed, not itemized"
406517-002Ru001q228,HARD_BLOCKER,REQUIRED_ATTRIBUTE_MISSING: dangerous_goods_regulations
406517-002Ru001q228,HARD_BLOCKER,REQUIRED_ATTRIBUTE_MISSING: quantity
406517-002Ru001q228,HARD_BLOCKER,REQUIRED_ATTRIBUTE_MISSING: shipping_template
406517-002Ru001q228,HARD_BLOCKER,REQUIRED_ATTRIBUTE_MISSING: standard_price_or_sale_price
406517-002Ru001q228,WARNING,CONDITIONAL_ATTRIBUTE_NOT_DETERMINED: coverage
406517-002Ru001q228,WARNING,CONDITIONAL_ATTRIBUTE_NOT_DETERMINED: style
406517-002Ru001q228,WARNING,PARENT_SKU_PROPOSED: 406517-PARENT (confirm)
406517-002Ru001q228,WARNING,"IMAGE_SKU_MATCH_MEDIUM: thumbnail viewed, not itemized"
406517-002Ru001q229,HARD_BLOCKER,REQUIRED_ATTRIBUTE_MISSING: dangerous_goods_regulations
406517-002Ru001q229,HARD_BLOCKER,REQUIRED_ATTRIBUTE_MISSING: quantity
406517-002Ru001q229,HARD_BLOCKER,REQUIRED_ATTRIBUTE_MISSING: shipping_template
406517-002Ru001q229,HARD_BLOCKER,REQUIRED_ATTRIBUTE_MISSING: standard_price_or_sale_price
406517-002Ru001q229,WARNING,CONDITIONAL_ATTRIBUTE_NOT_DETERMINED: coverage
406517-002Ru001q229,WARNING,CONDITIONAL_ATTRIBUTE_NOT_DETERMINED: style
406517-002Ru001q229,WARNING,PARENT_SKU_PROPOSED: 406517-PARENT (confirm)
406517-002Ru001q229,WARNING,"IMAGE_SKU_MATCH_MEDIUM: thumbnail viewed, not itemized"
406517-002Ru001q230,HARD_BLOCKER,REQUIRED_ATTRIBUTE_MISSING: dangerous_goods_regulations
406517-002Ru001q230,HARD_BLOCKER,REQUIRED_ATTRIBUTE_MISSING: quantity
406517-002Ru001q230,HARD_BLOCKER,REQUIRED_ATTRIBUTE_MISSING: shipping_template
406517-002Ru001q230,HARD_BLOCKER,REQUIRED_ATTRIBUTE_MISSING: standard_price_or_sale_price
406517-002Ru001q230,WARNING,CONDITIONAL_ATTRIBUTE_NOT_DETERMINED: coverage
406517-002Ru001q230,WARNING,CONDITIONAL_ATTRIBUTE_NOT_DETERMINED: style
406517-002Ru001q230,WARNING,PARENT_SKU_PROPOSED: 406517-PARENT (confirm)
406517-002Ru001q230,WARNING,POLICY_RISK_REVIEW: print resembles a known character; rights decision with the user
406517-002Ru001q231,HARD_BLOCKER,REQUIRED_ATTRIBUTE_MISSING: dangerous_goods_regulations
406517-002Ru001q231,HARD_BLOCKER,REQUIRED_ATTRIBUTE_MISSING: quantity
406517-002Ru001q231,HARD_BLOCKER,REQUIRED_ATTRIBUTE_MISSING: shipping_template
406517-002Ru001q231,HARD_BLOCKER,REQUIRED_ATTRIBUTE_MISSING: standard_price_or_sale_price
406517-002Ru001q231,WARNING,CONDITIONAL_ATTRIBUTE_NOT_DETERMINED: coverage
406517-002Ru001q231,WARNING,CONDITIONAL_ATTRIBUTE_NOT_DETERMINED: style
406517-002Ru001q231,WARNING,PARENT_SKU_PROPOSED: 406517-PARENT (confirm)
406517-002Ru001q231,WARNING,"IMAGE_SKU_MATCH_MEDIUM: thumbnail viewed, not itemized"
406517-002Ru001q232,HARD_BLOCKER,REQUIRED_ATTRIBUTE_MISSING: dangerous_goods_regulations
406517-002Ru001q232,HARD_BLOCKER,REQUIRED_ATTRIBUTE_MISSING: quantity
406517-002Ru001q232,HARD_BLOCKER,REQUIRED_ATTRIBUTE_MISSING: shipping_template
406517-002Ru001q232,HARD_BLOCKER,REQUIRED_ATTRIBUTE_MISSING: standard_price_or_sale_price
406517-002Ru001q232,WARNING,CONDITIONAL_ATTRIBUTE_NOT_DETERMINED: coverage
406517-002Ru001q232,WARNING,CONDITIONAL_ATTRIBUTE_NOT_DETERMINED: style
406517-002Ru001q232,WARNING,PARENT_SKU_PROPOSED: 406517-PARENT (confirm)
406517-002Ru001q232,WARNING,"IMAGE_SKU_MATCH_MEDIUM: thumbnail viewed, not itemized"
406517-002Ru001q233,HARD_BLOCKER,REQUIRED_ATTRIBUTE_MISSING: dangerous_goods_regulations
406517-002Ru001q233,HARD_BLOCKER,REQUIRED_ATTRIBUTE_MISSING: quantity
406517-002Ru001q233,HARD_BLOCKER,REQUIRED_ATTRIBUTE_MISSING: shipping_template
406517-002Ru001q233,HARD_BLOCKER,REQUIRED_ATTRIBUTE_MISSING: standard_price_or_sale_price
406517-002Ru001q233,WARNING,CONDITIONAL_ATTRIBUTE_NOT_DETERMINED: coverage
406517-002Ru001q233,WARNING,CONDITIONAL_ATTRIBUTE_NOT_DETERMINED: style
406517-002Ru001q233,WARNING,PARENT_SKU_PROPOSED: 406517-PARENT (confirm)
406517-002Ru001q233,WARNING,"IMAGE_SKU_MATCH_MEDIUM: thumbnail viewed, not itemized"
406517-002Ru001q234,HARD_BLOCKER,REQUIRED_ATTRIBUTE_MISSING: dangerous_goods_regulations
406517-002Ru001q234,HARD_BLOCKER,REQUIRED_ATTRIBUTE_MISSING: quantity
406517-002Ru001q234,HARD_BLOCKER,REQUIRED_ATTRIBUTE_MISSING: shipping_template
406517-002Ru001q234,HARD_BLOCKER,REQUIRED_ATTRIBUTE_MISSING: standard_price_or_sale_price
406517-002Ru001q234,WARNING,CONDITIONAL_ATTRIBUTE_NOT_DETERMINED: coverage
406517-002Ru001q234,WARNING,CONDITIONAL_ATTRIBUTE_NOT_DETERMINED: style
406517-002Ru001q234,WARNING,PARENT_SKU_PROPOSED: 406517-PARENT (confirm)
406517-002Ru001q234,WARNING,"IMAGE_SKU_MATCH_MEDIUM: thumbnail viewed, not itemized"
406517-002Ru001q235,HARD_BLOCKER,REQUIRED_ATTRIBUTE_MISSING: dangerous_goods_regulations
406517-002Ru001q235,HARD_BLOCKER,REQUIRED_ATTRIBUTE_MISSING: quantity
406517-002Ru001q235,HARD_BLOCKER,REQUIRED_ATTRIBUTE_MISSING: shipping_template
406517-002Ru001q235,HARD_BLOCKER,REQUIRED_ATTRIBUTE_MISSING: standard_price_or_sale_price
406517-002Ru001q235,WARNING,CONDITIONAL_ATTRIBUTE_NOT_DETERMINED: coverage
406517-002Ru001q235,WARNING,CONDITIONAL_ATTRIBUTE_NOT_DETERMINED: style
406517-002Ru001q235,WARNING,CONDITIONAL_ATTRIBUTE_NOT_DETERMINED: theme
406517-002Ru001q235,WARNING,THEME_REVIEW: no clear valid value for this print
406517-002Ru001q235,WARNING,PARENT_SKU_PROPOSED: 406517-PARENT (confirm)
406517-002Ru001q235,WARNING,"IMAGE_SKU_MATCH_MEDIUM: thumbnail viewed, not itemized"
406517-002Ru001q236,HARD_BLOCKER,REQUIRED_ATTRIBUTE_MISSING: dangerous_goods_regulations
406517-002Ru001q236,HARD_BLOCKER,REQUIRED_ATTRIBUTE_MISSING: quantity
406517-002Ru001q236,HARD_BLOCKER,REQUIRED_ATTRIBUTE_MISSING: shipping_template
406517-002Ru001q236,HARD_BLOCKER,REQUIRED_ATTRIBUTE_MISSING: standard_price_or_sale_price
406517-002Ru001q236,WARNING,CONDITIONAL_ATTRIBUTE_NOT_DETERMINED: coverage
406517-002Ru001q236,WARNING,CONDITIONAL_ATTRIBUTE_NOT_DETERMINED: style
406517-002Ru001q236,WARNING,PARENT_SKU_PROPOSED: 406517-PARENT (confirm)
406517-002Ru001q236,WARNING,"IMAGE_SKU_MATCH_MEDIUM: thumbnail viewed, not itemized"
406517-002Ru001q237,HARD_BLOCKER,REQUIRED_ATTRIBUTE_MISSING: dangerous_goods_regulations
406517-002Ru001q237,HARD_BLOCKER,REQUIRED_ATTRIBUTE_MISSING: quantity
406517-002Ru001q237,HARD_BLOCKER,REQUIRED_ATTRIBUTE_MISSING: shipping_template
406517-002Ru001q237,HARD_BLOCKER,REQUIRED_ATTRIBUTE_MISSING: standard_price_or_sale_price
406517-002Ru001q237,WARNING,CONDITIONAL_ATTRIBUTE_NOT_DETERMINED: coverage
406517-002Ru001q237,WARNING,CONDITIONAL_ATTRIBUTE_NOT_DETERMINED: style
406517-002Ru001q237,WARNING,PARENT_SKU_PROPOSED: 406517-PARENT (confirm)
406517-002Ru001q237,WARNING,"IMAGE_SKU_MATCH_MEDIUM: thumbnail viewed, not itemized"
406517-002Ru001q238,HARD_BLOCKER,REQUIRED_ATTRIBUTE_MISSING: dangerous_goods_regulations
406517-002Ru001q238,HARD_BLOCKER,REQUIRED_ATTRIBUTE_MISSING: quantity
406517-002Ru001q238,HARD_BLOCKER,REQUIRED_ATTRIBUTE_MISSING: shipping_template
406517-002Ru001q238,HARD_BLOCKER,REQUIRED_ATTRIBUTE_MISSING: standard_price_or_sale_price
406517-002Ru001q238,WARNING,CONDITIONAL_ATTRIBUTE_NOT_DETERMINED: coverage
406517-002Ru001q238,WARNING,CONDITIONAL_ATTRIBUTE_NOT_DETERMINED: style
406517-002Ru001q238,WARNING,PARENT_SKU_PROPOSED: 406517-PARENT (confirm)
406517-002Ru001q238,WARNING,"IMAGE_SKU_MATCH_MEDIUM: thumbnail viewed, not itemized"
406517-002Ru001q239,HARD_BLOCKER,REQUIRED_ATTRIBUTE_MISSING: dangerous_goods_regulations
406517-002Ru001q239,HARD_BLOCKER,REQUIRED_ATTRIBUTE_MISSING: quantity
406517-002Ru001q239,HARD_BLOCKER,REQUIRED_ATTRIBUTE_MISSING: shipping_template
406517-002Ru001q239,HARD_BLOCKER,REQUIRED_ATTRIBUTE_MISSING: standard_price_or_sale_price
406517-002Ru001q239,WARNING,CONDITIONAL_ATTRIBUTE_NOT_DETERMINED: coverage
406517-002Ru001q239,WARNING,CONDITIONAL_ATTRIBUTE_NOT_DETERMINED: style
406517-002Ru001q239,WARNING,PARENT_SKU_PROPOSED: 406517-PARENT (confirm)
406517-002Ru001q240,HARD_BLOCKER,REQUIRED_ATTRIBUTE_MISSING: dangerous_goods_regulations
406517-002Ru001q240,HARD_BLOCKER,REQUIRED_ATTRIBUTE_MISSING: quantity
406517-002Ru001q240,HARD_BLOCKER,REQUIRED_ATTRIBUTE_MISSING: shipping_template
406517-002Ru001q240,HARD_BLOCKER,REQUIRED_ATTRIBUTE_MISSING: standard_price_or_sale_price
406517-002Ru001q240,WARNING,CONDITIONAL_ATTRIBUTE_NOT_DETERMINED: coverage
406517-002Ru001q240,WARNING,CONDITIONAL_ATTRIBUTE_NOT_DETERMINED: style
406517-002Ru001q240,WARNING,PARENT_SKU_PROPOSED: 406517-PARENT (confirm)
406517-002Ru001q240,WARNING,"IMAGE_SKU_MATCH_MEDIUM: thumbnail viewed, not itemized"
406517-002Ru001q241,HARD_BLOCKER,REQUIRED_ATTRIBUTE_MISSING: dangerous_goods_regulations
406517-002Ru001q241,HARD_BLOCKER,REQUIRED_ATTRIBUTE_MISSING: quantity
406517-002Ru001q241,HARD_BLOCKER,REQUIRED_ATTRIBUTE_MISSING: shipping_template
406517-002Ru001q241,HARD_BLOCKER,REQUIRED_ATTRIBUTE_MISSING: standard_price_or_sale_price
406517-002Ru001q241,WARNING,CONDITIONAL_ATTRIBUTE_NOT_DETERMINED: coverage
406517-002Ru001q241,WARNING,CONDITIONAL_ATTRIBUTE_NOT_DETERMINED: style
406517-002Ru001q241,WARNING,PARENT_SKU_PROPOSED: 406517-PARENT (confirm)
406517-002Ru001q241,WARNING,"IMAGE_SKU_MATCH_MEDIUM: thumbnail viewed, not itemized"
406517-002Ru001q242,HARD_BLOCKER,REQUIRED_ATTRIBUTE_MISSING: dangerous_goods_regulations
406517-002Ru001q242,HARD_BLOCKER,REQUIRED_ATTRIBUTE_MISSING: quantity
406517-002Ru001q242,HARD_BLOCKER,REQUIRED_ATTRIBUTE_MISSING: shipping_template
406517-002Ru001q242,HARD_BLOCKER,REQUIRED_ATTRIBUTE_MISSING: standard_price_or_sale_price
406517-002Ru001q242,WARNING,CONDITIONAL_ATTRIBUTE_NOT_DETERMINED: coverage
406517-002Ru001q242,WARNING,CONDITIONAL_ATTRIBUTE_NOT_DETERMINED: style
406517-002Ru001q242,WARNING,CONDITIONAL_ATTRIBUTE_NOT_DETERMINED: theme
406517-002Ru001q242,WARNING,THEME_REVIEW: no clear valid value for this print
406517-002Ru001q242,WARNING,PARENT_SKU_PROPOSED: 406517-PARENT (confirm)
406517-002Ru001q242,WARNING,"IMAGE_SKU_MATCH_MEDIUM: thumbnail viewed, not itemized"
406517-002Ru001q243,HARD_BLOCKER,REQUIRED_ATTRIBUTE_MISSING: dangerous_goods_regulations
406517-002Ru001q243,HARD_BLOCKER,REQUIRED_ATTRIBUTE_MISSING: quantity
406517-002Ru001q243,HARD_BLOCKER,REQUIRED_ATTRIBUTE_MISSING: shipping_template
406517-002Ru001q243,HARD_BLOCKER,REQUIRED_ATTRIBUTE_MISSING: standard_price_or_sale_price
406517-002Ru001q243,WARNING,CONDITIONAL_ATTRIBUTE_NOT_DETERMINED: coverage
406517-002Ru001q243,WARNING,CONDITIONAL_ATTRIBUTE_NOT_DETERMINED: style
406517-002Ru001q243,WARNING,CONDITIONAL_ATTRIBUTE_NOT_DETERMINED: theme
406517-002Ru001q243,WARNING,THEME_REVIEW: no clear valid value for this print
406517-002Ru001q243,WARNING,PARENT_SKU_PROPOSED: 406517-PARENT (confirm)
406517-002Ru001q243,WARNING,"IMAGE_SKU_MATCH_MEDIUM: thumbnail viewed, not itemized"
406517-002Ru001q244,HARD_BLOCKER,REQUIRED_ATTRIBUTE_MISSING: dangerous_goods_regulations
406517-002Ru001q244,HARD_BLOCKER,REQUIRED_ATTRIBUTE_MISSING: quantity
406517-002Ru001q244,HARD_BLOCKER,REQUIRED_ATTRIBUTE_MISSING: shipping_template
406517-002Ru001q244,HARD_BLOCKER,REQUIRED_ATTRIBUTE_MISSING: standard_price_or_sale_price
406517-002Ru001q244,WARNING,CONDITIONAL_ATTRIBUTE_NOT_DETERMINED: coverage
406517-002Ru001q244,WARNING,CONDITIONAL_ATTRIBUTE_NOT_DETERMINED: style
406517-002Ru001q244,WARNING,CONDITIONAL_ATTRIBUTE_NOT_DETERMINED: theme
406517-002Ru001q244,WARNING,THEME_REVIEW: no clear valid value for this print
406517-002Ru001q244,WARNING,PARENT_SKU_PROPOSED: 406517-PARENT (confirm)
406517-002Ru001q244,WARNING,"IMAGE_SKU_MATCH_MEDIUM: thumbnail viewed, not itemized"
406517-002Ru001q245,HARD_BLOCKER,REQUIRED_ATTRIBUTE_MISSING: dangerous_goods_regulations
406517-002Ru001q245,HARD_BLOCKER,REQUIRED_ATTRIBUTE_MISSING: quantity
406517-002Ru001q245,HARD_BLOCKER,REQUIRED_ATTRIBUTE_MISSING: shipping_template
406517-002Ru001q245,HARD_BLOCKER,REQUIRED_ATTRIBUTE_MISSING: standard_price_or_sale_price
406517-002Ru001q245,WARNING,CONDITIONAL_ATTRIBUTE_NOT_DETERMINED: coverage
406517-002Ru001q245,WARNING,CONDITIONAL_ATTRIBUTE_NOT_DETERMINED: style
406517-002Ru001q245,WARNING,PARENT_SKU_PROPOSED: 406517-PARENT (confirm)
406517-002Ru001q245,WARNING,"IMAGE_SKU_MATCH_MEDIUM: thumbnail viewed, not itemized"
406517-002Ru001q246,HARD_BLOCKER,REQUIRED_ATTRIBUTE_MISSING: dangerous_goods_regulations
406517-002Ru001q246,HARD_BLOCKER,REQUIRED_ATTRIBUTE_MISSING: quantity
406517-002Ru001q246,HARD_BLOCKER,REQUIRED_ATTRIBUTE_MISSING: shipping_template
406517-002Ru001q246,HARD_BLOCKER,REQUIRED_ATTRIBUTE_MISSING: standard_price_or_sale_price
406517-002Ru001q246,WARNING,CONDITIONAL_ATTRIBUTE_NOT_DETERMINED: coverage
406517-002Ru001q246,WARNING,CONDITIONAL_ATTRIBUTE_NOT_DETERMINED: style
406517-002Ru001q246,WARNING,PARENT_SKU_PROPOSED: 406517-PARENT (confirm)
406517-002Ru001q247,HARD_BLOCKER,REQUIRED_ATTRIBUTE_MISSING: dangerous_goods_regulations
406517-002Ru001q247,HARD_BLOCKER,REQUIRED_ATTRIBUTE_MISSING: quantity
406517-002Ru001q247,HARD_BLOCKER,REQUIRED_ATTRIBUTE_MISSING: shipping_template
406517-002Ru001q247,HARD_BLOCKER,REQUIRED_ATTRIBUTE_MISSING: standard_price_or_sale_price
406517-002Ru001q247,WARNING,CONDITIONAL_ATTRIBUTE_NOT_DETERMINED: coverage
406517-002Ru001q247,WARNING,CONDITIONAL_ATTRIBUTE_NOT_DETERMINED: style
406517-002Ru001q247,WARNING,PARENT_SKU_PROPOSED: 406517-PARENT (confirm)
406517-002Ru001q247,WARNING,"IMAGE_SKU_MATCH_MEDIUM: thumbnail viewed, not itemized"
406517-002Ru001q248,HARD_BLOCKER,REQUIRED_ATTRIBUTE_MISSING: dangerous_goods_regulations
406517-002Ru001q248,HARD_BLOCKER,REQUIRED_ATTRIBUTE_MISSING: quantity
406517-002Ru001q248,HARD_BLOCKER,REQUIRED_ATTRIBUTE_MISSING: shipping_template
406517-002Ru001q248,HARD_BLOCKER,REQUIRED_ATTRIBUTE_MISSING: standard_price_or_sale_price
406517-002Ru001q248,WARNING,CONDITIONAL_ATTRIBUTE_NOT_DETERMINED: coverage
406517-002Ru001q248,WARNING,CONDITIONAL_ATTRIBUTE_NOT_DETERMINED: style
406517-002Ru001q248,WARNING,CONDITIONAL_ATTRIBUTE_NOT_DETERMINED: theme
406517-002Ru001q248,WARNING,THEME_REVIEW: no clear valid value for this print
406517-002Ru001q248,WARNING,PARENT_SKU_PROPOSED: 406517-PARENT (confirm)
406517-002Ru001q248,WARNING,"IMAGE_SKU_MATCH_MEDIUM: thumbnail viewed, not itemized"
406517-002Ru001q249,HARD_BLOCKER,REQUIRED_ATTRIBUTE_MISSING: dangerous_goods_regulations
406517-002Ru001q249,HARD_BLOCKER,REQUIRED_ATTRIBUTE_MISSING: quantity
406517-002Ru001q249,HARD_BLOCKER,REQUIRED_ATTRIBUTE_MISSING: shipping_template
406517-002Ru001q249,HARD_BLOCKER,REQUIRED_ATTRIBUTE_MISSING: standard_price_or_sale_price
406517-002Ru001q249,WARNING,CONDITIONAL_ATTRIBUTE_NOT_DETERMINED: coverage
406517-002Ru001q249,WARNING,CONDITIONAL_ATTRIBUTE_NOT_DETERMINED: style
406517-002Ru001q249,WARNING,PARENT_SKU_PROPOSED: 406517-PARENT (confirm)
406517-002Ru001q249,WARNING,"IMAGE_SKU_MATCH_MEDIUM: thumbnail viewed, not itemized"
406517-002Ru001q250,HARD_BLOCKER,REQUIRED_ATTRIBUTE_MISSING: dangerous_goods_regulations
406517-002Ru001q250,HARD_BLOCKER,REQUIRED_ATTRIBUTE_MISSING: quantity
406517-002Ru001q250,HARD_BLOCKER,REQUIRED_ATTRIBUTE_MISSING: shipping_template
406517-002Ru001q250,HARD_BLOCKER,REQUIRED_ATTRIBUTE_MISSING: standard_price_or_sale_price
406517-002Ru001q250,WARNING,CONDITIONAL_ATTRIBUTE_NOT_DETERMINED: coverage
406517-002Ru001q250,WARNING,CONDITIONAL_ATTRIBUTE_NOT_DETERMINED: style
406517-002Ru001q250,WARNING,PARENT_SKU_PROPOSED: 406517-PARENT (confirm)
406517-002Ru001q250,WARNING,"IMAGE_SKU_MATCH_MEDIUM: thumbnail viewed, not itemized"
406517-002Ru001q251,HARD_BLOCKER,REQUIRED_ATTRIBUTE_MISSING: dangerous_goods_regulations
406517-002Ru001q251,HARD_BLOCKER,REQUIRED_ATTRIBUTE_MISSING: quantity
406517-002Ru001q251,HARD_BLOCKER,REQUIRED_ATTRIBUTE_MISSING: shipping_template
406517-002Ru001q251,HARD_BLOCKER,REQUIRED_ATTRIBUTE_MISSING: standard_price_or_sale_price
406517-002Ru001q251,WARNING,CONDITIONAL_ATTRIBUTE_NOT_DETERMINED: coverage
406517-002Ru001q251,WARNING,CONDITIONAL_ATTRIBUTE_NOT_DETERMINED: style
406517-002Ru001q251,WARNING,CONDITIONAL_ATTRIBUTE_NOT_DETERMINED: theme
406517-002Ru001q251,WARNING,THEME_REVIEW: no clear valid value for this print
406517-002Ru001q251,WARNING,PARENT_SKU_PROPOSED: 406517-PARENT (confirm)
406517-002Ru001q252,HARD_BLOCKER,REQUIRED_ATTRIBUTE_MISSING: dangerous_goods_regulations
406517-002Ru001q252,HARD_BLOCKER,REQUIRED_ATTRIBUTE_MISSING: quantity
406517-002Ru001q252,HARD_BLOCKER,REQUIRED_ATTRIBUTE_MISSING: shipping_template
406517-002Ru001q252,HARD_BLOCKER,REQUIRED_ATTRIBUTE_MISSING: standard_price_or_sale_price
406517-002Ru001q252,WARNING,CONDITIONAL_ATTRIBUTE_NOT_DETERMINED: coverage
406517-002Ru001q252,WARNING,CONDITIONAL_ATTRIBUTE_NOT_DETERMINED: style
406517-002Ru001q252,WARNING,PARENT_SKU_PROPOSED: 406517-PARENT (confirm)
406517-002Ru001q252,WARNING,"IMAGE_SKU_MATCH_MEDIUM: thumbnail viewed, not itemized"
406517-002Ru001q253,HARD_BLOCKER,REQUIRED_ATTRIBUTE_MISSING: dangerous_goods_regulations
406517-002Ru001q253,HARD_BLOCKER,REQUIRED_ATTRIBUTE_MISSING: quantity
406517-002Ru001q253,HARD_BLOCKER,REQUIRED_ATTRIBUTE_MISSING: shipping_template
406517-002Ru001q253,HARD_BLOCKER,REQUIRED_ATTRIBUTE_MISSING: standard_price_or_sale_price
406517-002Ru001q253,WARNING,CONDITIONAL_ATTRIBUTE_NOT_DETERMINED: coverage
406517-002Ru001q253,WARNING,CONDITIONAL_ATTRIBUTE_NOT_DETERMINED: style
406517-002Ru001q253,WARNING,PARENT_SKU_PROPOSED: 406517-PARENT (confirm)
406517-002Ru001q253,WARNING,"IMAGE_SKU_MATCH_MEDIUM: thumbnail viewed, not itemized"
406517-002Ru001q254,HARD_BLOCKER,REQUIRED_ATTRIBUTE_MISSING: dangerous_goods_regulations
406517-002Ru001q254,HARD_BLOCKER,REQUIRED_ATTRIBUTE_MISSING: quantity
406517-002Ru001q254,HARD_BLOCKER,REQUIRED_ATTRIBUTE_MISSING: shipping_template
406517-002Ru001q254,HARD_BLOCKER,REQUIRED_ATTRIBUTE_MISSING: standard_price_or_sale_price
406517-002Ru001q254,WARNING,CONDITIONAL_ATTRIBUTE_NOT_DETERMINED: coverage
406517-002Ru001q254,WARNING,CONDITIONAL_ATTRIBUTE_NOT_DETERMINED: style
406517-002Ru001q254,WARNING,PARENT_SKU_PROPOSED: 406517-PARENT (confirm)
406517-002Ru001q254,WARNING,"IMAGE_SKU_MATCH_MEDIUM: thumbnail viewed, not itemized"
406517-002Ru001q255,HARD_BLOCKER,REQUIRED_ATTRIBUTE_MISSING: dangerous_goods_regulations
406517-002Ru001q255,HARD_BLOCKER,REQUIRED_ATTRIBUTE_MISSING: quantity
406517-002Ru001q255,HARD_BLOCKER,REQUIRED_ATTRIBUTE_MISSING: shipping_template
406517-002Ru001q255,HARD_BLOCKER,REQUIRED_ATTRIBUTE_MISSING: standard_price_or_sale_price
406517-002Ru001q255,WARNING,CONDITIONAL_ATTRIBUTE_NOT_DETERMINED: coverage
406517-002Ru001q255,WARNING,CONDITIONAL_ATTRIBUTE_NOT_DETERMINED: style
406517-002Ru001q255,WARNING,PARENT_SKU_PROPOSED: 406517-PARENT (confirm)
406517-002Ru001q255,WARNING,"IMAGE_SKU_MATCH_MEDIUM: thumbnail viewed, not itemized"
406517-002Ru001q256,HARD_BLOCKER,REQUIRED_ATTRIBUTE_MISSING: dangerous_goods_regulations
406517-002Ru001q256,HARD_BLOCKER,REQUIRED_ATTRIBUTE_MISSING: quantity
406517-002Ru001q256,HARD_BLOCKER,REQUIRED_ATTRIBUTE_MISSING: shipping_template
406517-002Ru001q256,HARD_BLOCKER,REQUIRED_ATTRIBUTE_MISSING: standard_price_or_sale_price
406517-002Ru001q256,WARNING,CONDITIONAL_ATTRIBUTE_NOT_DETERMINED: coverage
406517-002Ru001q256,WARNING,CONDITIONAL_ATTRIBUTE_NOT_DETERMINED: style
406517-002Ru001q256,WARNING,CONDITIONAL_ATTRIBUTE_NOT_DETERMINED: theme
406517-002Ru001q256,WARNING,THEME_REVIEW: no clear valid value for this print
406517-002Ru001q256,WARNING,PARENT_SKU_PROPOSED: 406517-PARENT (confirm)
406517-002Ru001q256,WARNING,"IMAGE_SKU_MATCH_MEDIUM: thumbnail viewed, not itemized"
406517-002Ru001q257,HARD_BLOCKER,REQUIRED_ATTRIBUTE_MISSING: dangerous_goods_regulations
406517-002Ru001q257,HARD_BLOCKER,REQUIRED_ATTRIBUTE_MISSING: quantity
406517-002Ru001q257,HARD_BLOCKER,REQUIRED_ATTRIBUTE_MISSING: shipping_template
406517-002Ru001q257,HARD_BLOCKER,REQUIRED_ATTRIBUTE_MISSING: standard_price_or_sale_price
406517-002Ru001q257,WARNING,CONDITIONAL_ATTRIBUTE_NOT_DETERMINED: coverage
406517-002Ru001q257,WARNING,CONDITIONAL_ATTRIBUTE_NOT_DETERMINED: style
406517-002Ru001q257,WARNING,PARENT_SKU_PROPOSED: 406517-PARENT (confirm)
406517-002Ru001q257,WARNING,"IMAGE_SKU_MATCH_MEDIUM: thumbnail viewed, not itemized"
406517-002Ru001q258,HARD_BLOCKER,REQUIRED_ATTRIBUTE_MISSING: dangerous_goods_regulations
406517-002Ru001q258,HARD_BLOCKER,REQUIRED_ATTRIBUTE_MISSING: quantity
406517-002Ru001q258,HARD_BLOCKER,REQUIRED_ATTRIBUTE_MISSING: shipping_template
406517-002Ru001q258,HARD_BLOCKER,REQUIRED_ATTRIBUTE_MISSING: standard_price_or_sale_price
406517-002Ru001q258,WARNING,CONDITIONAL_ATTRIBUTE_NOT_DETERMINED: coverage
406517-002Ru001q258,WARNING,CONDITIONAL_ATTRIBUTE_NOT_DETERMINED: style
406517-002Ru001q258,WARNING,CONDITIONAL_ATTRIBUTE_NOT_DETERMINED: theme
406517-002Ru001q258,WARNING,THEME_REVIEW: no clear valid value for this print
406517-002Ru001q258,WARNING,PARENT_SKU_PROPOSED: 406517-PARENT (confirm)
406517-002Ru001q258,WARNING,"IMAGE_SKU_MATCH_MEDIUM: thumbnail viewed, not itemized"
406517-002Ru001q259,HARD_BLOCKER,REQUIRED_ATTRIBUTE_MISSING: dangerous_goods_regulations
406517-002Ru001q259,HARD_BLOCKER,REQUIRED_ATTRIBUTE_MISSING: quantity
406517-002Ru001q259,HARD_BLOCKER,REQUIRED_ATTRIBUTE_MISSING: shipping_template
406517-002Ru001q259,HARD_BLOCKER,REQUIRED_ATTRIBUTE_MISSING: standard_price_or_sale_price
406517-002Ru001q259,WARNING,CONDITIONAL_ATTRIBUTE_NOT_DETERMINED: coverage
406517-002Ru001q259,WARNING,CONDITIONAL_ATTRIBUTE_NOT_DETERMINED: style
406517-002Ru001q259,WARNING,PARENT_SKU_PROPOSED: 406517-PARENT (confirm)
406517-002Ru001q259,WARNING,"IMAGE_SKU_MATCH_MEDIUM: thumbnail viewed, not itemized"
406517-002Ru001q260,HARD_BLOCKER,REQUIRED_ATTRIBUTE_MISSING: dangerous_goods_regulations
406517-002Ru001q260,HARD_BLOCKER,REQUIRED_ATTRIBUTE_MISSING: quantity
406517-002Ru001q260,HARD_BLOCKER,REQUIRED_ATTRIBUTE_MISSING: shipping_template
406517-002Ru001q260,HARD_BLOCKER,REQUIRED_ATTRIBUTE_MISSING: standard_price_or_sale_price
406517-002Ru001q260,WARNING,CONDITIONAL_ATTRIBUTE_NOT_DETERMINED: coverage
406517-002Ru001q260,WARNING,CONDITIONAL_ATTRIBUTE_NOT_DETERMINED: style
406517-002Ru001q260,WARNING,PARENT_SKU_PROPOSED: 406517-PARENT (confirm)
406517-002Ru001q260,WARNING,"IMAGE_SKU_MATCH_MEDIUM: thumbnail viewed, not itemized"
406517-002Ru001q261,HARD_BLOCKER,REQUIRED_ATTRIBUTE_MISSING: dangerous_goods_regulations
406517-002Ru001q261,HARD_BLOCKER,REQUIRED_ATTRIBUTE_MISSING: quantity
406517-002Ru001q261,HARD_BLOCKER,REQUIRED_ATTRIBUTE_MISSING: shipping_template
406517-002Ru001q261,HARD_BLOCKER,REQUIRED_ATTRIBUTE_MISSING: standard_price_or_sale_price
406517-002Ru001q261,WARNING,CONDITIONAL_ATTRIBUTE_NOT_DETERMINED: coverage
406517-002Ru001q261,WARNING,CONDITIONAL_ATTRIBUTE_NOT_DETERMINED: style
406517-002Ru001q261,WARNING,PARENT_SKU_PROPOSED: 406517-PARENT (confirm)
406517-002Ru001q261,WARNING,"IMAGE_SKU_MATCH_MEDIUM: thumbnail viewed, not itemized"
406517-002Ru001q262,HARD_BLOCKER,REQUIRED_ATTRIBUTE_MISSING: dangerous_goods_regulations
406517-002Ru001q262,HARD_BLOCKER,REQUIRED_ATTRIBUTE_MISSING: quantity
406517-002Ru001q262,HARD_BLOCKER,REQUIRED_ATTRIBUTE_MISSING: shipping_template
406517-002Ru001q262,HARD_BLOCKER,REQUIRED_ATTRIBUTE_MISSING: standard_price_or_sale_price
406517-002Ru001q262,WARNING,CONDITIONAL_ATTRIBUTE_NOT_DETERMINED: coverage
406517-002Ru001q262,WARNING,CONDITIONAL_ATTRIBUTE_NOT_DETERMINED: style
406517-002Ru001q262,WARNING,PARENT_SKU_PROPOSED: 406517-PARENT (confirm)
406517-002Ru001q262,WARNING,"IMAGE_SKU_MATCH_MEDIUM: thumbnail viewed, not itemized"
406517-002Ru001q263,HARD_BLOCKER,REQUIRED_ATTRIBUTE_MISSING: dangerous_goods_regulations
406517-002Ru001q263,HARD_BLOCKER,REQUIRED_ATTRIBUTE_MISSING: quantity
406517-002Ru001q263,HARD_BLOCKER,REQUIRED_ATTRIBUTE_MISSING: shipping_template
406517-002Ru001q263,HARD_BLOCKER,REQUIRED_ATTRIBUTE_MISSING: standard_price_or_sale_price
406517-002Ru001q263,WARNING,CONDITIONAL_ATTRIBUTE_NOT_DETERMINED: coverage
406517-002Ru001q263,WARNING,CONDITIONAL_ATTRIBUTE_NOT_DETERMINED: style
406517-002Ru001q263,WARNING,PARENT_SKU_PROPOSED: 406517-PARENT (confirm)
406517-002Ru001q263,WARNING,"IMAGE_SKU_MATCH_MEDIUM: thumbnail viewed, not itemized"
406517-002Ru001q264,HARD_BLOCKER,REQUIRED_ATTRIBUTE_MISSING: dangerous_goods_regulations
406517-002Ru001q264,HARD_BLOCKER,REQUIRED_ATTRIBUTE_MISSING: quantity
406517-002Ru001q264,HARD_BLOCKER,REQUIRED_ATTRIBUTE_MISSING: shipping_template
406517-002Ru001q264,HARD_BLOCKER,REQUIRED_ATTRIBUTE_MISSING: standard_price_or_sale_price
406517-002Ru001q264,WARNING,CONDITIONAL_ATTRIBUTE_NOT_DETERMINED: coverage
406517-002Ru001q264,WARNING,CONDITIONAL_ATTRIBUTE_NOT_DETERMINED: style
406517-002Ru001q264,WARNING,PARENT_SKU_PROPOSED: 406517-PARENT (confirm)
406517-002Ru001q264,WARNING,"IMAGE_SKU_MATCH_MEDIUM: thumbnail viewed, not itemized"
406517-002Ru001q265,HARD_BLOCKER,REQUIRED_ATTRIBUTE_MISSING: dangerous_goods_regulations
406517-002Ru001q265,HARD_BLOCKER,REQUIRED_ATTRIBUTE_MISSING: quantity
406517-002Ru001q265,HARD_BLOCKER,REQUIRED_ATTRIBUTE_MISSING: shipping_template
406517-002Ru001q265,HARD_BLOCKER,REQUIRED_ATTRIBUTE_MISSING: standard_price_or_sale_price
406517-002Ru001q265,WARNING,CONDITIONAL_ATTRIBUTE_NOT_DETERMINED: coverage
406517-002Ru001q265,WARNING,CONDITIONAL_ATTRIBUTE_NOT_DETERMINED: style
406517-002Ru001q265,WARNING,PARENT_SKU_PROPOSED: 406517-PARENT (confirm)
406517-002Ru001q265,WARNING,"IMAGE_SKU_MATCH_MEDIUM: thumbnail viewed, not itemized"
406517-002Ru001q266,HARD_BLOCKER,REQUIRED_ATTRIBUTE_MISSING: dangerous_goods_regulations
406517-002Ru001q266,HARD_BLOCKER,REQUIRED_ATTRIBUTE_MISSING: quantity
406517-002Ru001q266,HARD_BLOCKER,REQUIRED_ATTRIBUTE_MISSING: shipping_template
406517-002Ru001q266,HARD_BLOCKER,REQUIRED_ATTRIBUTE_MISSING: standard_price_or_sale_price
406517-002Ru001q266,WARNING,CONDITIONAL_ATTRIBUTE_NOT_DETERMINED: coverage
406517-002Ru001q266,WARNING,CONDITIONAL_ATTRIBUTE_NOT_DETERMINED: style
406517-002Ru001q266,WARNING,CONDITIONAL_ATTRIBUTE_NOT_DETERMINED: theme
406517-002Ru001q266,WARNING,THEME_REVIEW: no clear valid value for this print
406517-002Ru001q266,WARNING,PARENT_SKU_PROPOSED: 406517-PARENT (confirm)
406517-002Ru001q266,WARNING,"IMAGE_SKU_MATCH_MEDIUM: thumbnail viewed, not itemized"
406517-002Ru001q267,HARD_BLOCKER,REQUIRED_ATTRIBUTE_MISSING: dangerous_goods_regulations
406517-002Ru001q267,HARD_BLOCKER,REQUIRED_ATTRIBUTE_MISSING: quantity
406517-002Ru001q267,HARD_BLOCKER,REQUIRED_ATTRIBUTE_MISSING: shipping_template
406517-002Ru001q267,HARD_BLOCKER,REQUIRED_ATTRIBUTE_MISSING: standard_price_or_sale_price
406517-002Ru001q267,WARNING,CONDITIONAL_ATTRIBUTE_NOT_DETERMINED: coverage
406517-002Ru001q267,WARNING,CONDITIONAL_ATTRIBUTE_NOT_DETERMINED: style
406517-002Ru001q267,WARNING,PARENT_SKU_PROPOSED: 406517-PARENT (confirm)
406517-002Ru001q267,WARNING,"IMAGE_SKU_MATCH_MEDIUM: thumbnail viewed, not itemized"
406517-002Ru001q268,HARD_BLOCKER,REQUIRED_ATTRIBUTE_MISSING: dangerous_goods_regulations
406517-002Ru001q268,HARD_BLOCKER,REQUIRED_ATTRIBUTE_MISSING: quantity
406517-002Ru001q268,HARD_BLOCKER,REQUIRED_ATTRIBUTE_MISSING: shipping_template
406517-002Ru001q268,HARD_BLOCKER,REQUIRED_ATTRIBUTE_MISSING: standard_price_or_sale_price
406517-002Ru001q268,WARNING,CONDITIONAL_ATTRIBUTE_NOT_DETERMINED: coverage
406517-002Ru001q268,WARNING,CONDITIONAL_ATTRIBUTE_NOT_DETERMINED: style
406517-002Ru001q268,WARNING,PARENT_SKU_PROPOSED: 406517-PARENT (confirm)
406517-002Ru001q268,WARNING,"IMAGE_SKU_MATCH_MEDIUM: thumbnail viewed, not itemized"
406517-002Ru001q269,HARD_BLOCKER,REQUIRED_ATTRIBUTE_MISSING: dangerous_goods_regulations
406517-002Ru001q269,HARD_BLOCKER,REQUIRED_ATTRIBUTE_MISSING: quantity
406517-002Ru001q269,HARD_BLOCKER,REQUIRED_ATTRIBUTE_MISSING: shipping_template
406517-002Ru001q269,HARD_BLOCKER,REQUIRED_ATTRIBUTE_MISSING: standard_price_or_sale_price
406517-002Ru001q269,WARNING,CONDITIONAL_ATTRIBUTE_NOT_DETERMINED: coverage
406517-002Ru001q269,WARNING,CONDITIONAL_ATTRIBUTE_NOT_DETERMINED: style
406517-002Ru001q269,WARNING,PARENT_SKU_PROPOSED: 406517-PARENT (confirm)
406517-002Ru001q269,WARNING,"IMAGE_SKU_MATCH_MEDIUM: thumbnail viewed, not itemized"
406517-002Ru001q270,HARD_BLOCKER,REQUIRED_ATTRIBUTE_MISSING: dangerous_goods_regulations
406517-002Ru001q270,HARD_BLOCKER,REQUIRED_ATTRIBUTE_MISSING: quantity
406517-002Ru001q270,HARD_BLOCKER,REQUIRED_ATTRIBUTE_MISSING: shipping_template
406517-002Ru001q270,HARD_BLOCKER,REQUIRED_ATTRIBUTE_MISSING: standard_price_or_sale_price
406517-002Ru001q270,WARNING,CONDITIONAL_ATTRIBUTE_NOT_DETERMINED: coverage
406517-002Ru001q270,WARNING,CONDITIONAL_ATTRIBUTE_NOT_DETERMINED: style
406517-002Ru001q270,WARNING,CONDITIONAL_ATTRIBUTE_NOT_DETERMINED: theme
406517-002Ru001q270,WARNING,THEME_REVIEW: no clear valid value for this print
406517-002Ru001q270,WARNING,PARENT_SKU_PROPOSED: 406517-PARENT (confirm)
406517-002Ru001q270,WARNING,"IMAGE_SKU_MATCH_MEDIUM: thumbnail viewed, not itemized"
406517-002Ru001q271,HARD_BLOCKER,REQUIRED_ATTRIBUTE_MISSING: dangerous_goods_regulations
406517-002Ru001q271,HARD_BLOCKER,REQUIRED_ATTRIBUTE_MISSING: quantity
406517-002Ru001q271,HARD_BLOCKER,REQUIRED_ATTRIBUTE_MISSING: shipping_template
406517-002Ru001q271,HARD_BLOCKER,REQUIRED_ATTRIBUTE_MISSING: standard_price_or_sale_price
406517-002Ru001q271,WARNING,CONDITIONAL_ATTRIBUTE_NOT_DETERMINED: coverage
406517-002Ru001q271,WARNING,CONDITIONAL_ATTRIBUTE_NOT_DETERMINED: style
406517-002Ru001q271,WARNING,PARENT_SKU_PROPOSED: 406517-PARENT (confirm)
406517-002Ru001q271,WARNING,"IMAGE_SKU_MATCH_MEDIUM: thumbnail viewed, not itemized"
406517-002Ru001q272,HARD_BLOCKER,REQUIRED_ATTRIBUTE_MISSING: dangerous_goods_regulations
406517-002Ru001q272,HARD_BLOCKER,REQUIRED_ATTRIBUTE_MISSING: quantity
406517-002Ru001q272,HARD_BLOCKER,REQUIRED_ATTRIBUTE_MISSING: shipping_template
406517-002Ru001q272,HARD_BLOCKER,REQUIRED_ATTRIBUTE_MISSING: standard_price_or_sale_price
406517-002Ru001q272,WARNING,CONDITIONAL_ATTRIBUTE_NOT_DETERMINED: coverage
406517-002Ru001q272,WARNING,CONDITIONAL_ATTRIBUTE_NOT_DETERMINED: style
406517-002Ru001q272,WARNING,PARENT_SKU_PROPOSED: 406517-PARENT (confirm)
406517-002Ru001q272,WARNING,"IMAGE_SKU_MATCH_MEDIUM: thumbnail viewed, not itemized"
406517-002Ru001q273,HARD_BLOCKER,REQUIRED_ATTRIBUTE_MISSING: dangerous_goods_regulations
406517-002Ru001q273,HARD_BLOCKER,REQUIRED_ATTRIBUTE_MISSING: quantity
406517-002Ru001q273,HARD_BLOCKER,REQUIRED_ATTRIBUTE_MISSING: shipping_template
406517-002Ru001q273,HARD_BLOCKER,REQUIRED_ATTRIBUTE_MISSING: standard_price_or_sale_price
406517-002Ru001q273,WARNING,CONDITIONAL_ATTRIBUTE_NOT_DETERMINED: coverage
406517-002Ru001q273,WARNING,CONDITIONAL_ATTRIBUTE_NOT_DETERMINED: style
406517-002Ru001q273,WARNING,CONDITIONAL_ATTRIBUTE_NOT_DETERMINED: theme
406517-002Ru001q273,WARNING,THEME_REVIEW: no clear valid value for this print
406517-002Ru001q273,WARNING,PARENT_SKU_PROPOSED: 406517-PARENT (confirm)
406517-002Ru001q273,WARNING,"IMAGE_SKU_MATCH_MEDIUM: thumbnail viewed, not itemized"
406517-002Ru001q274,HARD_BLOCKER,REQUIRED_ATTRIBUTE_MISSING: dangerous_goods_regulations
406517-002Ru001q274,HARD_BLOCKER,REQUIRED_ATTRIBUTE_MISSING: quantity
406517-002Ru001q274,HARD_BLOCKER,REQUIRED_ATTRIBUTE_MISSING: shipping_template
406517-002Ru001q274,HARD_BLOCKER,REQUIRED_ATTRIBUTE_MISSING: standard_price_or_sale_price
406517-002Ru001q274,WARNING,CONDITIONAL_ATTRIBUTE_NOT_DETERMINED: coverage
406517-002Ru001q274,WARNING,CONDITIONAL_ATTRIBUTE_NOT_DETERMINED: style
406517-002Ru001q274,WARNING,CONDITIONAL_ATTRIBUTE_NOT_DETERMINED: theme
406517-002Ru001q274,WARNING,THEME_REVIEW: no clear valid value for this print
406517-002Ru001q274,WARNING,PARENT_SKU_PROPOSED: 406517-PARENT (confirm)
406517-002Ru001q274,WARNING,"IMAGE_SKU_MATCH_MEDIUM: thumbnail viewed, not itemized"
406517-002Ru001q275,HARD_BLOCKER,REQUIRED_ATTRIBUTE_MISSING: dangerous_goods_regulations
406517-002Ru001q275,HARD_BLOCKER,REQUIRED_ATTRIBUTE_MISSING: quantity
406517-002Ru001q275,HARD_BLOCKER,REQUIRED_ATTRIBUTE_MISSING: shipping_template
406517-002Ru001q275,HARD_BLOCKER,REQUIRED_ATTRIBUTE_MISSING: standard_price_or_sale_price
406517-002Ru001q275,WARNING,CONDITIONAL_ATTRIBUTE_NOT_DETERMINED: coverage
406517-002Ru001q275,WARNING,CONDITIONAL_ATTRIBUTE_NOT_DETERMINED: style
406517-002Ru001q275,WARNING,PARENT_SKU_PROPOSED: 406517-PARENT (confirm)
406517-002Ru001q275,WARNING,"IMAGE_SKU_MATCH_MEDIUM: thumbnail viewed, not itemized"
406517-002Ru001q276,HARD_BLOCKER,REQUIRED_ATTRIBUTE_MISSING: dangerous_goods_regulations
406517-002Ru001q276,HARD_BLOCKER,REQUIRED_ATTRIBUTE_MISSING: quantity
406517-002Ru001q276,HARD_BLOCKER,REQUIRED_ATTRIBUTE_MISSING: shipping_template
406517-002Ru001q276,HARD_BLOCKER,REQUIRED_ATTRIBUTE_MISSING: standard_price_or_sale_price
406517-002Ru001q276,WARNING,CONDITIONAL_ATTRIBUTE_NOT_DETERMINED: coverage
406517-002Ru001q276,WARNING,CONDITIONAL_ATTRIBUTE_NOT_DETERMINED: style
406517-002Ru001q276,WARNING,CONDITIONAL_ATTRIBUTE_NOT_DETERMINED: theme
406517-002Ru001q276,WARNING,THEME_REVIEW: no clear valid value for this print
406517-002Ru001q276,WARNING,PARENT_SKU_PROPOSED: 406517-PARENT (confirm)
406517-002Ru001q276,WARNING,"IMAGE_SKU_MATCH_MEDIUM: thumbnail viewed, not itemized"
